,lon,lat,POLYGON,portion,subportion,multiple
0,-86.81047297799995,33.543782677000024,P4,1,1,False
1,-86.81047354799995,33.54378263500007,P4,1,1,False
2,-86.81047411799995,33.543782677000024,P4,1,1,False
3,-86.81047466999996,33.54378280100008,P4,1,1,False
4,-86.81047518899999,33.543783003000044,P4,1,1,False
5,-86.81047565799997,33.543783278000035,P4,1,1,False
6,-86.81047606199996,33.54378361700003,P4,1,1,False
7,-86.81047638999996,33.543784009000035,P4,1,1,False
8,-86.81047663199996,33.54378444300005,P4,1,1,False
9,-86.81047677999999,33.54378490600004,P4,1,1,False
10,-86.81047682999997,33.543785383000056,P4,1,1,False
11,-86.81047677999999,33.54378586000007,P4,1,1,False
12,-86.81047663199996,33.54378632300006,P4,1,1,False
13,-86.81047638999996,33.54378675700008,P4,1,1,False
14,-86.81047606199996,33.543787149000025,P4,1,1,False
15,-86.81047565799997,33.54378748800008,P4,1,1,False
16,-86.81047513899995,33.54378778600005,P4,1,1,False
17,-86.81046477499996,33.54379240700007,P4,1,1,False
18,-86.81046435499997,33.54379256300007,P4,1,1,False
19,-86.81046380299995,33.543792687000064,P4,1,1,False
20,-86.81046323299995,33.543792729000074,P4,1,1,False
21,-86.81046266299995,33.543792687000064,P4,1,1,False
22,-86.81046211099994,33.54379256300007,P4,1,1,False
23,-86.81046159199997,33.543792361000044,P4,1,1,False
24,-86.81046112299998,33.54379208600005,P4,1,1,False
25,-86.81046071899999,33.54379174700006,P4,1,1,False
26,-86.81046039099994,33.54379135500005,P4,1,1,False
27,-86.81046014899994,33.54379092100004,P4,1,1,False
28,-86.81046000099997,33.543790458000046,P4,1,1,False
29,-86.81045995099998,33.54378998100003,P4,1,1,False
30,-86.81046000099997,33.543789504000074,P4,1,1,False
31,-86.81046014899994,33.543789041000025,P4,1,1,False
32,-86.81046039099994,33.54378860700007,P4,1,1,False
33,-86.81046071899999,33.54378821500006,P4,1,1,False
34,-86.81046112299998,33.54378787600007,P4,1,1,False
35,-86.81046164099996,33.543787578000035,P4,1,1,False
36,-86.81047200599994,33.543782957000076,P4,1,1,False
37,-86.81047242599999,33.54378280100008,P4,1,1,False
38,-86.81047297799995,33.543782677000024,P4,1,1,False
0,-86.82323467699996,33.53660133600005,P4,2,1,False
1,-86.82323524699996,33.536601294000036,P4,2,1,False
2,-86.82323583299996,33.53660133900007,P4,2,1,False
3,-86.82329205299999,33.536610120000034,P4,2,1,False
4,-86.82329257299995,33.53661023900003,P4,2,1,False
5,-86.82329309199997,33.53661044100005,P4,2,1,False
6,-86.82329355999997,33.53661071600004,P4,2,1,False
7,-86.82329396499995,33.53661105500004,P4,2,1,False
8,-86.82329429299995,33.53661144700004,P4,2,1,False
9,-86.82329453499995,33.536611881000056,P4,2,1,False
10,-86.82329468299997,33.53661234400005,P4,2,1,False
11,-86.82329473299995,33.53661282100006,P4,2,1,False
12,-86.82329468299997,33.53661329800008,P4,2,1,False
13,-86.82329453499995,33.53661376100007,P4,2,1,False
14,-86.82329429299995,33.53661419500003,P4,2,1,False
15,-86.82329396499995,33.53661458700003,P4,2,1,False
16,-86.82329355999997,33.53661492600003,P4,2,1,False
17,-86.82329309199997,33.536615201000075,P4,2,1,False
18,-86.82329257299995,33.53661540300004,P4,2,1,False
19,-86.82329202099999,33.53661552700004,P4,2,1,False
20,-86.82329145099999,33.53661556900005,P4,2,1,False
21,-86.82329086499999,33.53661552500006,P4,2,1,False
22,-86.82323464499996,33.53660674300005,P4,2,1,False
23,-86.82323412499994,33.53660662400006,P4,2,1,False
24,-86.82323360599997,33.536606422000034,P4,2,1,False
25,-86.82323313799998,33.53660614700004,P4,2,1,False
26,-86.82323273299994,33.53660580800005,P4,2,1,False
27,-86.82323240499994,33.53660541600004,P4,2,1,False
28,-86.82323216299994,33.53660498200003,P4,2,1,False
29,-86.82323201499997,33.536604519000036,P4,2,1,False
30,-86.82323196499999,33.53660404200008,P4,2,1,False
31,-86.82323201499997,33.536603565000064,P4,2,1,False
32,-86.82323216299994,33.53660310200007,P4,2,1,False
33,-86.82323240499994,33.53660266800006,P4,2,1,False
34,-86.82323273299994,33.53660227600005,P4,2,1,False
35,-86.82323313799998,33.53660193700006,P4,2,1,False
36,-86.82323360599997,33.536601662000066,P4,2,1,False
37,-86.82323412499994,33.53660146000004,P4,2,1,False
38,-86.82323467699996,33.53660133600005,P4,2,1,False
0,-86.81701413399998,33.548987484000065,P4,3,1,False
1,-86.81701470399997,33.548987442000055,P4,3,1,False
2,-86.81701527399997,33.548987484000065,P4,3,1,False
3,-86.81701582699998,33.54898760800006,P4,3,1,False
4,-86.81701634499996,33.54898781000003,P4,3,1,False
5,-86.81701681399994,33.548988085000076,P4,3,1,False
6,-86.81701721799999,33.54898842400007,P4,3,1,False
7,-86.81701754599999,33.548988816000076,P4,3,1,False
8,-86.81701780699996,33.54898929800004,P4,3,1,False
9,-86.81703714499997,33.54903937300003,P4,3,1,False
10,-86.81703725399996,33.54903974100006,P4,3,1,False
11,-86.81703730399994,33.54904021800007,P4,3,1,False
12,-86.81703725399996,33.54904069500003,P4,3,1,False
13,-86.81703710599999,33.54904115800008,P4,3,1,False
14,-86.81703686399999,33.54904159200004,P4,3,1,False
15,-86.81703653599999,33.54904198400004,P4,3,1,False
16,-86.81703613199994,33.54904232300004,P4,3,1,False
17,-86.81703566299996,33.54904259800003,P4,3,1,False
18,-86.81703514499998,33.54904280000005,P4,3,1,False
19,-86.81703459199997,33.54904292400005,P4,3,1,False
20,-86.81703402199997,33.54904296600006,P4,3,1,False
21,-86.81703345199998,33.54904292400005,P4,3,1,False
22,-86.81703289899997,33.54904280000005,P4,3,1,False
23,-86.81703238099999,33.54904259800003,P4,3,1,False
24,-86.81703191199995,33.54904232300004,P4,3,1,False
25,-86.81703150799996,33.54904198400004,P4,3,1,False
26,-86.81703117999996,33.54904159200004,P4,3,1,False
27,-86.81703091799994,33.549041111000065,P4,3,1,False
28,-86.81701158099997,33.54899103500003,P4,3,1,False
29,-86.81701147199999,33.548990667000055,P4,3,1,False
30,-86.81701142199995,33.54899019000004,P4,3,1,False
31,-86.81701147199999,33.548989713000026,P4,3,1,False
32,-86.81701161999996,33.548989250000034,P4,3,1,False
33,-86.81701186199996,33.548988816000076,P4,3,1,False
34,-86.81701218999996,33.54898842400007,P4,3,1,False
35,-86.81701259399995,33.548988085000076,P4,3,1,False
36,-86.81701306299999,33.54898781000003,P4,3,1,False
37,-86.81701358099997,33.54898760800006,P4,3,1,False
38,-86.81701413399998,33.548987484000065,P4,3,1,False
0,-86.80902794299999,33.53270804400006,P5,1,1,False
1,-86.80902851299999,33.53270800200005,P5,1,1,False
2,-86.80902908299998,33.53270804400006,P5,1,1,False
3,-86.80902963499994,33.532708168000056,P5,1,1,False
4,-86.80903015399997,33.53270837000008,P5,1,1,False
5,-86.80903062199997,33.53270864500007,P5,1,1,False
6,-86.80903102699995,33.53270898400007,P5,1,1,False
7,-86.80903136399996,33.532709390000036,P5,1,1,False
8,-86.80903211599997,33.53271051000007,P5,1,1,False
9,-86.80903233899994,33.53271091600004,P5,1,1,False
10,-86.80903248699997,33.532711379000034,P5,1,1,False
11,-86.80903253599996,33.53271185600005,P5,1,1,False
12,-86.80903248699997,33.53271233300006,P5,1,1,False
13,-86.80903233899994,33.532712796000055,P5,1,1,False
14,-86.80903209699994,33.53271323000007,P5,1,1,False
15,-86.80903176899994,33.532713622000074,P5,1,1,False
16,-86.80903136399996,33.53271396100007,P5,1,1,False
17,-86.80903089599997,33.53271423600006,P5,1,1,False
18,-86.80903037699994,33.53271443800003,P5,1,1,False
19,-86.80902982499998,33.532714562000024,P5,1,1,False
20,-86.80902925499998,33.532714604000034,P5,1,1,False
21,-86.80902868499999,33.532714562000024,P5,1,1,False
22,-86.80902813299997,33.53271443800003,P5,1,1,False
23,-86.80902761399994,33.53271423600006,P5,1,1,False
24,-86.80902714599995,33.53271396100007,P5,1,1,False
25,-86.80902674099997,33.532713622000074,P5,1,1,False
26,-86.80902640299996,33.53271321600005,P5,1,1,False
27,-86.80902565199995,33.53271209600007,P5,1,1,False
28,-86.80902542899997,33.53271169000004,P5,1,1,False
29,-86.80902528099995,33.53271122700005,P5,1,1,False
30,-86.80902523199995,33.532710750000035,P5,1,1,False
31,-86.80902528099995,33.53271027300008,P5,1,1,False
32,-86.80902542899997,33.53270981000003,P5,1,1,False
33,-86.80902567099997,33.53270937600007,P5,1,1,False
34,-86.80902599899997,33.53270898400007,P5,1,1,False
35,-86.80902640399995,33.53270864500007,P5,1,1,False
36,-86.80902687199995,33.53270837000008,P5,1,1,False
37,-86.80902739099997,33.532708168000056,P5,1,1,False
38,-86.80902794299999,33.53270804400006,P5,1,1,False
0,-86.80716669699996,33.53267740500007,P5,2,1,True
1,-86.80716726699995,33.53267736300006,P5,2,1,True
2,-86.80716783699995,33.53267740500007,P5,2,1,True
3,-86.80716838899997,33.53267752900007,P5,2,1,True
4,-86.80716890799994,33.532677731000035,P5,2,1,True
5,-86.80716937599999,33.532678006000026,P5,2,1,True
6,-86.80716978099997,33.53267834500008,P5,2,1,True
7,-86.80717011399997,33.532678745000055,P5,2,1,True
8,-86.80717104999997,33.532680123000034,P5,2,1,True
9,-86.80717127999998,33.53268054100005,P5,2,1,True
10,-86.80717142899994,33.53268100400004,P5,2,1,True
11,-86.80717147799999,33.532681481000054,P5,2,1,True
12,-86.80717142899994,33.53268195800007,P5,2,1,True
13,-86.80717127999998,33.53268242100006,P5,2,1,True
14,-86.80717103899997,33.532682855000076,P5,2,1,True
15,-86.80717071099997,33.53268324700008,P5,2,1,True
16,-86.80717030599999,33.532683586000076,P5,2,1,True
17,-86.80716983799994,33.532683861000066,P5,2,1,True
18,-86.80716931899997,33.53268406300003,P5,2,1,True
19,-86.80716876699995,33.53268418700003,P5,2,1,True
20,-86.80716819699995,33.53268422900004,P5,2,1,True
21,-86.80716762699996,33.53268418700003,P5,2,1,True
22,-86.80716707499994,33.53268406300003,P5,2,1,True
23,-86.80716655599997,33.532683861000066,P5,2,1,True
24,-86.80716608799997,33.532683586000076,P5,2,1,True
25,-86.80716568299994,33.53268324700008,P5,2,1,True
26,-86.80716534899994,33.532682847000046,P5,2,1,True
27,-86.80716441399994,33.53268146900007,P5,2,1,True
28,-86.80716418399999,33.532681051000054,P5,2,1,True
29,-86.80716403499997,33.53268058800006,P5,2,1,True
30,-86.80716398599998,33.53268011100005,P5,2,1,True
31,-86.80716403499997,33.53267963400003,P5,2,1,True
32,-86.80716418399999,33.53267917100004,P5,2,1,True
33,-86.80716442499994,33.532678737000026,P5,2,1,True
34,-86.80716475299994,33.53267834500008,P5,2,1,True
35,-86.80716515799998,33.532678006000026,P5,2,1,True
36,-86.80716562599997,33.532677731000035,P5,2,1,True
37,-86.80716614499994,33.53267752900007,P5,2,1,True
38,-86.80716669699996,33.53267740500007,P5,2,1,True
0,-86.80723258199998,33.53277447600004,P5,2,2,True
1,-86.80723315199998,33.53277443400003,P5,2,2,True
2,-86.80723372199998,33.53277447600004,P5,2,2,True
3,-86.80723427399994,33.53277460000004,P5,2,2,True
4,-86.80723479299996,33.53277480200006,P5,2,2,True
5,-86.80723526099996,33.53277507700005,P5,2,2,True
6,-86.80723566599994,33.53277541600005,P5,2,2,True
7,-86.80723599899994,33.532775816000026,P5,2,2,True
8,-86.80724344099997,33.53278678200007,P5,2,2,True
9,-86.80726179499999,33.53281610400006,P5,2,2,True
10,-86.80726197299998,33.53281644000003,P5,2,2,True
11,-86.80726212099995,33.532816903000025,P5,2,2,True
12,-86.80726216999994,33.53281738000004,P5,2,2,True
13,-86.80726212099995,33.532817857000055,P5,2,2,True
14,-86.80726197299998,33.53281832000005,P5,2,2,True
15,-86.80726173099998,33.53281875400006,P5,2,2,True
16,-86.80726140299998,33.532819146000065,P5,2,2,True
17,-86.80726099799995,33.53281948500006,P5,2,2,True
18,-86.80726052999995,33.53281976000005,P5,2,2,True
19,-86.80726001099998,33.532819962000076,P5,2,2,True
20,-86.80725945899997,33.53282008600007,P5,2,2,True
21,-86.80725888899997,33.532820128000026,P5,2,2,True
22,-86.80725831899997,33.53282008600007,P5,2,2,True
23,-86.80725776699995,33.532819962000076,P5,2,2,True
24,-86.80725724799998,33.53281976000005,P5,2,2,True
25,-86.80725677999999,33.53281948500006,P5,2,2,True
26,-86.80725637499995,33.532819146000065,P5,2,2,True
27,-86.80725601499995,33.53281870500007,P5,2,2,True
28,-86.80723768699994,33.53278942500003,P5,2,2,True
29,-86.80723029899997,33.53277854000004,P5,2,2,True
30,-86.80723006799997,33.532778122000025,P5,2,2,True
31,-86.80722991999994,33.53277765900003,P5,2,2,True
32,-86.80722987099995,33.532777182000075,P5,2,2,True
33,-86.80722991999994,33.53277670500006,P5,2,2,True
34,-86.80723006799997,33.53277624200007,P5,2,2,True
35,-86.80723030999997,33.53277580800005,P5,2,2,True
36,-86.80723063799996,33.53277541600005,P5,2,2,True
37,-86.80723104299994,33.53277507700005,P5,2,2,True
38,-86.80723151099994,33.53277480200006,P5,2,2,True
39,-86.80723202999997,33.53277460000004,P5,2,2,True
40,-86.80723258199998,33.53277447600004,P5,2,2,True
0,-86.80306404899994,33.54080233600007,P5,3,1,True
1,-86.80306461899994,33.54080229400006,P5,3,1,True
2,-86.80306521899996,33.540802341000074,P5,3,1,True
3,-86.80311481499996,33.54081048300003,P5,3,1,True
4,-86.80311530599994,33.540810598000064,P5,3,1,True
5,-86.80311582499996,33.54081080000003,P5,3,1,True
6,-86.80311629299996,33.54081107500008,P5,3,1,True
7,-86.80311669799994,33.540811414000075,P5,3,1,True
8,-86.80311702599994,33.54081180600008,P5,3,1,True
9,-86.80311726799994,33.54081224000004,P5,3,1,True
10,-86.80311741599996,33.54081270300003,P5,3,1,True
11,-86.80311746599995,33.54081318000004,P5,3,1,True
12,-86.80311741599996,33.54081365700006,P5,3,1,True
13,-86.80311726799994,33.54081412000005,P5,3,1,True
14,-86.80311702599994,33.540814554000065,P5,3,1,True
15,-86.80311669799994,33.54081494600007,P5,3,1,True
16,-86.80311629299996,33.540815285000065,P5,3,1,True
17,-86.80311582499996,33.540815560000055,P5,3,1,True
18,-86.80311530599994,33.54081576200008,P5,3,1,True
19,-86.80311475399998,33.540815886000075,P5,3,1,True
20,-86.80311418399998,33.54081592800003,P5,3,1,True
21,-86.80311358299997,33.54081588200006,P5,3,1,True
22,-86.80306398799996,33.54080773900006,P5,3,1,True
23,-86.80306349699998,33.540807624000024,P5,3,1,True
24,-86.80306297799996,33.54080742200006,P5,3,1,True
25,-86.80306250999996,33.540807147000066,P5,3,1,True
26,-86.80306210499998,33.54080680800007,P5,3,1,True
27,-86.80306177699998,33.540806416000066,P5,3,1,True
28,-86.80306153499998,33.54080598200005,P5,3,1,True
29,-86.80306138699996,33.54080551900006,P5,3,1,True
30,-86.80306133699997,33.540805042000045,P5,3,1,True
31,-86.80306138699996,33.54080456500003,P5,3,1,True
32,-86.80306153499998,33.54080410200004,P5,3,1,True
33,-86.80306177699998,33.540803668000024,P5,3,1,True
34,-86.80306210499998,33.54080327600008,P5,3,1,True
35,-86.80306250999996,33.540802937000024,P5,3,1,True
36,-86.80306297799996,33.54080266200003,P5,3,1,True
37,-86.80306349699998,33.540802460000066,P5,3,1,True
38,-86.80306404899994,33.54080233600007,P5,3,1,True
0,-86.80312237899994,33.54081191300003,P5,3,2,True
1,-86.80312294899994,33.54081187100007,P5,3,2,True
2,-86.80312354899996,33.54081191800003,P5,3,2,True
3,-86.80313045899999,33.54081305100004,P5,3,2,True
4,-86.80313094999997,33.54081316600008,P5,3,2,True
5,-86.80313146899994,33.540813368000045,P5,3,2,True
6,-86.80313193699999,33.540813643000035,P5,3,2,True
7,-86.80313234199997,33.54081398200003,P5,3,2,True
8,-86.80313266999997,33.540814374000036,P5,3,2,True
9,-86.80313291199997,33.54081480800005,P5,3,2,True
10,-86.80313305999994,33.54081527100004,P5,3,2,True
11,-86.80313310999998,33.54081574800006,P5,3,2,True
12,-86.80313305999994,33.54081622500007,P5,3,2,True
13,-86.80313291199997,33.54081668800006,P5,3,2,True
14,-86.80313266999997,33.54081712200008,P5,3,2,True
15,-86.80313234199997,33.540817514000025,P5,3,2,True
16,-86.80313193699999,33.54081785300008,P5,3,2,True
17,-86.80313146899994,33.54081812800007,P5,3,2,True
18,-86.80313094999997,33.540818330000036,P5,3,2,True
19,-86.80313039799995,33.54081845400003,P5,3,2,True
20,-86.80312982799995,33.54081849600004,P5,3,2,True
21,-86.80312922699994,33.540818450000074,P5,3,2,True
22,-86.80312231799996,33.54081731600007,P5,3,2,True
23,-86.80312182699998,33.54081720100004,P5,3,2,True
24,-86.80312130799996,33.54081699900007,P5,3,2,True
25,-86.80312083999996,33.540816724000024,P5,3,2,True
26,-86.80312043499998,33.54081638500003,P5,3,2,True
27,-86.80312010699998,33.540815993000024,P5,3,2,True
28,-86.80311986499999,33.540815559000066,P5,3,2,True
29,-86.80311971699996,33.540815096000074,P5,3,2,True
30,-86.80311966699998,33.54081461900006,P5,3,2,True
31,-86.80311971699996,33.540814142000045,P5,3,2,True
32,-86.80311986499999,33.54081367900005,P5,3,2,True
33,-86.80312010699998,33.54081324500004,P5,3,2,True
34,-86.80312043499998,33.540812853000034,P5,3,2,True
35,-86.80312083999996,33.54081251400004,P5,3,2,True
36,-86.80312130799996,33.54081223900005,P5,3,2,True
37,-86.80312182699998,33.54081203700002,P5,3,2,True
38,-86.80312237899994,33.54081191300003,P5,3,2,True
0,-86.80816551599997,33.53414489700003,P5,4,1,True
1,-86.80816608599997,33.53414485500008,P5,4,1,True
2,-86.80816665599997,33.53414489700003,P5,4,1,True
3,-86.80816720799999,33.53414502100003,P5,4,1,True
4,-86.80816772699995,33.53414522300005,P5,4,1,True
5,-86.80816819499995,33.53414549800004,P5,4,1,True
6,-86.80816859999999,33.53414583700004,P5,4,1,True
7,-86.80816892399997,33.53414622300005,P5,4,1,True
8,-86.80817036699995,33.53414830500003,P5,4,1,True
9,-86.80817061099998,33.53414874200007,P5,4,1,True
10,-86.80817075899995,33.53414920500006,P5,4,1,True
11,-86.80817080799994,33.53414968200008,P5,4,1,True
12,-86.80817075899995,33.534150159000035,P5,4,1,True
13,-86.80817061099998,33.53415062200003,P5,4,1,True
14,-86.80817036899998,33.53415105600004,P5,4,1,True
15,-86.80817004099998,33.534151448000046,P5,4,1,True
16,-86.80816963599995,33.53415178700004,P5,4,1,True
17,-86.80816916799995,33.53415206200003,P5,4,1,True
18,-86.80816864899998,33.534152264000056,P5,4,1,True
19,-86.80816809699996,33.53415238800005,P5,4,1,True
20,-86.80816752699997,33.53415243000006,P5,4,1,True
21,-86.80816695699997,33.53415238800005,P5,4,1,True
22,-86.80816640499995,33.534152264000056,P5,4,1,True
23,-86.80816588599998,33.53415206200003,P5,4,1,True
24,-86.80816541799999,33.53415178700004,P5,4,1,True
25,-86.80816501299995,33.534151448000046,P5,4,1,True
26,-86.80816468899997,33.534151062000035,P5,4,1,True
27,-86.80816324599994,33.534148980000055,P5,4,1,True
28,-86.80816300199996,33.53414854300007,P5,4,1,True
29,-86.80816285399999,33.53414808000008,P5,4,1,True
30,-86.80816280499994,33.534147603000065,P5,4,1,True
31,-86.80816285399999,33.53414712600005,P5,4,1,True
32,-86.80816300199996,33.53414666300006,P5,4,1,True
33,-86.80816324399996,33.534146229000044,P5,4,1,True
34,-86.80816357199996,33.53414583700004,P5,4,1,True
35,-86.80816397699994,33.53414549800004,P5,4,1,True
36,-86.80816444499999,33.53414522300005,P5,4,1,True
37,-86.80816496399996,33.53414502100003,P5,4,1,True
38,-86.80816551599997,33.53414489700003,P5,4,1,True
0,-86.80833861899998,33.534392722000064,P5,4,2,True
1,-86.80833918899998,33.53439268000005,P5,4,2,True
2,-86.80833975899998,33.534392722000064,P5,4,2,True
3,-86.80834031099994,33.53439284600006,P5,4,2,True
4,-86.80834082999996,33.53439304800003,P5,4,2,True
5,-86.80834129799996,33.534393323000074,P5,4,2,True
6,-86.80834170299994,33.53439366200007,P5,4,2,True
7,-86.80834201399995,33.534394029000055,P5,4,2,True
8,-86.80834836899999,33.53440303000008,P5,4,2,True
9,-86.80834861999995,33.53440347600008,P5,4,2,True
10,-86.80834876799997,33.53440393900007,P5,4,2,True
11,-86.80834881699997,33.53440441600003,P5,4,2,True
12,-86.80834876799997,33.534404893000044,P5,4,2,True
13,-86.80834861999995,33.534405356000036,P5,4,2,True
14,-86.80834837799995,33.53440579000005,P5,4,2,True
15,-86.80834804999995,33.534406182000055,P5,4,2,True
16,-86.80834764499997,33.53440652100005,P5,4,2,True
17,-86.80834717699997,33.53440679600004,P5,4,2,True
18,-86.80834665799995,33.534406998000065,P5,4,2,True
19,-86.80834610599999,33.53440712200006,P5,4,2,True
20,-86.80834553599999,33.53440716400007,P5,4,2,True
21,-86.80834496599994,33.53440712200006,P5,4,2,True
22,-86.80834441399998,33.534406998000065,P5,4,2,True
23,-86.80834389499995,33.53440679600004,P5,4,2,True
24,-86.80834342699995,33.53440652100005,P5,4,2,True
25,-86.80834302199997,33.534406182000055,P5,4,2,True
26,-86.80834271099997,33.53440581500007,P5,4,2,True
27,-86.80833635499994,33.534396815000036,P5,4,2,True
28,-86.80833610499997,33.534396368000046,P5,4,2,True
29,-86.80833595699994,33.53439590500005,P5,4,2,True
30,-86.80833590799995,33.53439542800004,P5,4,2,True
31,-86.80833595699994,33.534394951000024,P5,4,2,True
32,-86.80833610499997,33.53439448800003,P5,4,2,True
33,-86.80833634699997,33.534394054000074,P5,4,2,True
34,-86.80833667499996,33.53439366200007,P5,4,2,True
35,-86.80833707999994,33.534393323000074,P5,4,2,True
36,-86.80833754799994,33.53439304800003,P5,4,2,True
37,-86.80833806699997,33.53439284600006,P5,4,2,True
38,-86.80833861899998,33.534392722000064,P5,4,2,True
0,-86.80072386199998,33.53643122700004,P5,5,1,False
1,-86.80072443199998,33.536431185000026,P5,5,1,False
2,-86.80072500199998,33.53643122700004,P5,5,1,False
3,-86.80072555399994,33.53643135100003,P5,5,1,False
4,-86.80072607299996,33.53643155300006,P5,5,1,False
5,-86.80072654099996,33.53643182800005,P5,5,1,False
6,-86.80072694599994,33.536432167000044,P5,5,1,False
7,-86.80072727099997,33.53643255500003,P5,5,1,False
8,-86.80074086099995,33.53645219800006,P5,5,1,False
9,-86.80074110499999,33.53645263400006,P5,5,1,False
10,-86.80074125299996,33.53645309700005,P5,5,1,False
11,-86.80074130299994,33.53645357400006,P5,5,1,False
12,-86.80074125299996,33.53645405100008,P5,5,1,False
13,-86.80074110499999,33.53645451400007,P5,5,1,False
14,-86.80074086299999,33.53645494800003,P5,5,1,False
15,-86.80074053499999,33.53645534000003,P5,5,1,False
16,-86.80074012999995,33.53645567900003,P5,5,1,False
17,-86.80073966199996,33.536455954000076,P5,5,1,False
18,-86.80073914299999,33.53645615600004,P5,5,1,False
19,-86.80073859099997,33.53645628000004,P5,5,1,False
20,-86.80073802099997,33.53645632200005,P5,5,1,False
21,-86.80073745099997,33.53645628000004,P5,5,1,False
22,-86.80073689899996,33.53645615600004,P5,5,1,False
23,-86.80073637999999,33.536455954000076,P5,5,1,False
24,-86.80073591199994,33.53645567900003,P5,5,1,False
25,-86.80073550699996,33.53645534000003,P5,5,1,False
26,-86.80073518199998,33.53645495200004,P5,5,1,False
27,-86.80072159099996,33.53643530900007,P5,5,1,False
28,-86.80072134799997,33.536434873000076,P5,5,1,False
29,-86.80072119999994,33.53643441000003,P5,5,1,False
30,-86.80072114999996,33.53643393300007,P5,5,1,False
31,-86.80072119999994,33.536433456000054,P5,5,1,False
32,-86.80072134799997,33.53643299300006,P5,5,1,False
33,-86.80072158999997,33.53643255900005,P5,5,1,False
34,-86.80072191799997,33.536432167000044,P5,5,1,False
35,-86.80072232299995,33.53643182800005,P5,5,1,False
36,-86.80072279099994,33.53643155300006,P5,5,1,False
37,-86.80072330999997,33.53643135100003,P5,5,1,False
38,-86.80072386199998,33.53643122700004,P5,5,1,False
0,-86.80063975899998,33.53643551400006,P5,6,1,False
1,-86.80064032899998,33.53643547200005,P5,6,1,False
2,-86.80064089899997,33.53643551400006,P5,6,1,False
3,-86.80064145099999,33.53643563800006,P5,6,1,False
4,-86.80064196999996,33.536435840000024,P5,6,1,False
5,-86.80064243799995,33.53643611500007,P5,6,1,False
6,-86.80064284299993,33.53643645400007,P5,6,1,False
7,-86.80064316599999,33.53643684000008,P5,6,1,False
8,-86.80064837499998,33.53644434900008,P5,6,1,False
9,-86.80064861999995,33.53644478600006,P5,6,1,False
10,-86.80064876799997,33.53644524900005,P5,6,1,False
11,-86.80064881799996,33.53644572600007,P5,6,1,False
12,-86.80064876799997,33.536446203000025,P5,6,1,False
13,-86.80064861999995,33.536446666000074,P5,6,1,False
14,-86.80064837799995,33.53644710000003,P5,6,1,False
15,-86.80064804999995,33.536447492000036,P5,6,1,False
16,-86.80064764499997,33.53644783100003,P5,6,1,False
17,-86.80064717699997,33.53644810600008,P5,6,1,False
18,-86.80064665799995,33.53644830800005,P5,6,1,False
19,-86.80064610599999,33.53644843200004,P5,6,1,False
20,-86.80064553599999,33.53644847400005,P5,6,1,False
21,-86.80064496599994,33.53644843200004,P5,6,1,False
22,-86.80064441399998,33.53644830800005,P5,6,1,False
23,-86.80064389499995,33.53644810600008,P5,6,1,False
24,-86.80064342699995,33.53644783100003,P5,6,1,False
25,-86.80064302199997,33.536447492000036,P5,6,1,False
26,-86.80064269899998,33.536447106000026,P5,6,1,False
27,-86.80063748899994,33.536439597000026,P5,6,1,False
28,-86.80063724499996,33.53643916000004,P5,6,1,False
29,-86.80063709699994,33.53643869700005,P5,6,1,False
30,-86.80063704699995,33.536438220000036,P5,6,1,False
31,-86.80063709699994,33.53643774300008,P5,6,1,False
32,-86.80063724499996,33.53643728000003,P5,6,1,False
33,-86.80063748699996,33.53643684600007,P5,6,1,False
34,-86.80063781499996,33.53643645400007,P5,6,1,False
35,-86.80063821999994,33.53643611500007,P5,6,1,False
36,-86.80063868799994,33.536435840000024,P5,6,1,False
37,-86.80063920699996,33.53643563800006,P5,6,1,False
38,-86.80063975899998,33.53643551400006,P5,6,1,False
0,-86.80297217899994,33.54068321500006,P5,7,1,False
1,-86.80297274899993,33.54068317300005,P5,7,1,False
2,-86.80297331899999,33.54068321500006,P5,7,1,False
3,-86.80297387099995,33.540683339000054,P5,7,1,False
4,-86.80297438999997,33.54068354100008,P5,7,1,False
5,-86.80297485799997,33.54068381600007,P5,7,1,False
6,-86.80297526299995,33.540684155000065,P5,7,1,False
7,-86.80297564199998,33.540684627000076,P5,7,1,False
8,-86.80297969899999,33.54069151700003,P5,7,1,False
9,-86.80297983899999,33.54069179100003,P5,7,1,False
10,-86.80297998699996,33.54069225400008,P5,7,1,False
11,-86.80298003699994,33.540692731000036,P5,7,1,False
12,-86.80297998699996,33.54069320800005,P5,7,1,False
13,-86.80297983899999,33.54069367100004,P5,7,1,False
14,-86.80297959699999,33.54069410500006,P5,7,1,False
15,-86.80297926899999,33.54069449700006,P5,7,1,False
16,-86.80297886399995,33.54069483600006,P5,7,1,False
17,-86.80297839599996,33.54069511100005,P5,7,1,False
18,-86.80297787699999,33.54069531300007,P5,7,1,False
19,-86.80297732499997,33.54069543700007,P5,7,1,False
20,-86.80297675499997,33.54069547900008,P5,7,1,False
21,-86.80297618499998,33.54069543700007,P5,7,1,False
22,-86.80297563299996,33.54069531300007,P5,7,1,False
23,-86.80297511399993,33.54069511100005,P5,7,1,False
24,-86.80297464599994,33.54069483600006,P5,7,1,False
25,-86.80297424099996,33.54069449700006,P5,7,1,False
26,-86.80297386199999,33.54069402500005,P5,7,1,False
27,-86.80296980499998,33.54068713500004,P5,7,1,False
28,-86.80296966499998,33.54068686100004,P5,7,1,False
29,-86.80296951699995,33.54068639800005,P5,7,1,False
30,-86.80296946699997,33.54068592100003,P5,7,1,False
31,-86.80296951699995,33.540685444000076,P5,7,1,False
32,-86.80296966499998,33.54068498100003,P5,7,1,False
33,-86.80296990699998,33.54068454700007,P5,7,1,False
34,-86.80297023499998,33.540684155000065,P5,7,1,False
35,-86.80297063999996,33.54068381600007,P5,7,1,False
36,-86.80297110799995,33.54068354100008,P5,7,1,False
37,-86.80297162699998,33.540683339000054,P5,7,1,False
38,-86.80297217899994,33.54068321500006,P5,7,1,False
0,-86.80194386199997,33.535683979000055,P5,8,1,False
1,-86.80194443199997,33.535683937000044,P5,8,1,False
2,-86.80194500199997,33.535683979000055,P5,8,1,False
3,-86.80194555399999,33.53568410300005,P5,8,1,False
4,-86.80194607299995,33.535684305000075,P5,8,1,False
5,-86.80194654099995,33.535684580000066,P5,8,1,False
6,-86.80194694599999,33.53568491900006,P5,8,1,False
7,-86.80194727899999,33.53568531900004,P5,8,1,False
8,-86.80195965099995,33.53570352200006,P5,8,1,False
9,-86.80196121399996,33.53570581300005,P5,8,1,False
10,-86.80196144899998,33.53570623600007,P5,8,1,False
11,-86.80196159699994,33.53570669900006,P5,8,1,False
12,-86.80196164699998,33.535707176000074,P5,8,1,False
13,-86.80196159699994,33.53570765300003,P5,8,1,False
14,-86.80196144899998,33.53570811600002,P5,8,1,False
15,-86.80196120699998,33.53570855000004,P5,8,1,False
16,-86.80196087899998,33.53570894200004,P5,8,1,False
17,-86.80196047399994,33.53570928100004,P5,8,1,False
18,-86.80196000599994,33.53570955600003,P5,8,1,False
19,-86.80195948699998,33.53570975800005,P5,8,1,False
20,-86.80195893499996,33.53570988200005,P5,8,1,False
21,-86.80195836499996,33.53570992400006,P5,8,1,False
22,-86.80195779499996,33.53570988200005,P5,8,1,False
23,-86.80195724299995,33.53570975800005,P5,8,1,False
24,-86.80195672399998,33.53570955600003,P5,8,1,False
25,-86.80195625599998,33.53570928100004,P5,8,1,False
26,-86.80195585099995,33.53570894200004,P5,8,1,False
27,-86.80195551899999,33.535708545000034,P5,8,1,False
28,-86.80195394999998,33.53570624400004,P5,8,1,False
29,-86.80194157999995,33.53568804400004,P5,8,1,False
30,-86.80194134799996,33.53568762500004,P5,8,1,False
31,-86.80194119999999,33.535687162000045,P5,8,1,False
32,-86.80194114999995,33.53568668500003,P5,8,1,False
33,-86.80194119999999,33.53568620800007,P5,8,1,False
34,-86.80194134799996,33.53568574500002,P5,8,1,False
35,-86.80194158999996,33.535685311000066,P5,8,1,False
36,-86.80194191799995,33.53568491900006,P5,8,1,False
37,-86.80194232299993,33.535684580000066,P5,8,1,False
38,-86.80194279099999,33.535684305000075,P5,8,1,False
39,-86.80194330999996,33.53568410300005,P5,8,1,False
40,-86.80194386199997,33.535683979000055,P5,8,1,False
0,-86.74424799899998,33.540743500000076,P6,1,1,False
1,-86.74424856899998,33.540743458000065,P6,1,1,False
2,-86.74424913899998,33.540743500000076,P6,1,1,False
3,-86.74424969099994,33.54074362400007,P6,1,1,False
4,-86.74425020999996,33.54074382600004,P6,1,1,False
5,-86.74425067799996,33.54074410100003,P6,1,1,False
6,-86.74425108299994,33.540744440000026,P6,1,1,False
7,-86.74425141099994,33.54074483200003,P6,1,1,False
8,-86.74425160499999,33.540745163000054,P6,1,1,False
9,-86.74431476399997,33.540874072000065,P6,1,1,False
10,-86.74431493599997,33.54087458600003,P6,1,1,False
11,-86.74431498599995,33.540875063000044,P6,1,1,False
12,-86.74431493599997,33.54087554000006,P6,1,1,False
13,-86.74431478799994,33.54087600300005,P6,1,1,False
14,-86.74431454599994,33.540876437000065,P6,1,1,False
15,-86.74431421799994,33.54087682900007,P6,1,1,False
16,-86.74431381299996,33.540877168000065,P6,1,1,False
17,-86.74431334499997,33.540877443000056,P6,1,1,False
18,-86.74431282599994,33.54087764500008,P6,1,1,False
19,-86.74431227399998,33.540877769000076,P6,1,1,False
20,-86.74431170399998,33.54087781100003,P6,1,1,False
21,-86.74431113399999,33.540877769000076,P6,1,1,False
22,-86.74431058199997,33.54087764500008,P6,1,1,False
23,-86.74431006299994,33.540877443000056,P6,1,1,False
24,-86.74430959499995,33.540877168000065,P6,1,1,False
25,-86.74430918999997,33.54087682900007,P6,1,1,False
26,-86.74430886199997,33.540876437000065,P6,1,1,False
27,-86.74430866799997,33.54087610600004,P6,1,1,False
28,-86.74424550899994,33.540747198000076,P6,1,1,False
29,-86.74424533699994,33.540746683000066,P6,1,1,False
30,-86.74424528699996,33.54074620600005,P6,1,1,False
31,-86.74424533699994,33.54074572900004,P6,1,1,False
32,-86.74424548499996,33.540745266000044,P6,1,1,False
33,-86.74424572699996,33.54074483200003,P6,1,1,False
34,-86.74424605499996,33.540744440000026,P6,1,1,False
35,-86.74424645999994,33.54074410100003,P6,1,1,False
36,-86.74424692799994,33.54074382600004,P6,1,1,False
37,-86.74424744699996,33.54074362400007,P6,1,1,False
38,-86.74424799899998,33.540743500000076,P6,1,1,False
0,-86.75309594199996,33.536517686000025,P6,2,1,False
1,-86.75309651199996,33.53651764400007,P6,2,1,False
2,-86.75309708199995,33.536517686000025,P6,2,1,False
3,-86.75309763399997,33.53651781000008,P6,2,1,False
4,-86.75309815299994,33.536518012000045,P6,2,1,False
5,-86.75309862099994,33.536518287000035,P6,2,1,False
6,-86.75309902599997,33.53651862600003,P6,2,1,False
7,-86.75309935399997,33.536519018000035,P6,2,1,False
8,-86.75309959599997,33.53651945200005,P6,2,1,False
9,-86.75309974399994,33.53651991500004,P6,2,1,False
10,-86.75309979399998,33.53652039200006,P6,2,1,False
11,-86.75309974399994,33.53652086900007,P6,2,1,False
12,-86.75309959599997,33.53652133200006,P6,2,1,False
13,-86.75309931099997,33.53652182400003,P6,2,1,False
14,-86.75305487099996,33.53657947800008,P6,2,1,False
15,-86.75305462799997,33.53657975400006,P6,2,1,False
16,-86.75305422299994,33.536580093000055,P6,2,1,False
17,-86.75305375499994,33.536580368000045,P6,2,1,False
18,-86.75305323599997,33.53658057000007,P6,2,1,False
19,-86.75305268399995,33.536580694000065,P6,2,1,False
20,-86.75305211399996,33.536580736000076,P6,2,1,False
21,-86.75305154399996,33.536580694000065,P6,2,1,False
22,-86.75305099199994,33.53658057000007,P6,2,1,False
23,-86.75305047299997,33.536580368000045,P6,2,1,False
24,-86.75305000499998,33.536580093000055,P6,2,1,False
25,-86.75304959999994,33.53657975400006,P6,2,1,False
26,-86.75304927199994,33.536579362000055,P6,2,1,False
27,-86.75304902999994,33.53657892800004,P6,2,1,False
28,-86.75304888199997,33.53657846500005,P6,2,1,False
29,-86.75304883199999,33.53657798800003,P6,2,1,False
30,-86.75304888199997,33.536577511000075,P6,2,1,False
31,-86.75304902999994,33.53657704800003,P6,2,1,False
32,-86.75304931399995,33.53657655600006,P6,2,1,False
33,-86.75309375499995,33.53651890200007,P6,2,1,False
34,-86.75309399799994,33.53651862600003,P6,2,1,False
35,-86.75309440299998,33.536518287000035,P6,2,1,False
36,-86.75309487099997,33.536518012000045,P6,2,1,False
37,-86.75309538999994,33.53651781000008,P6,2,1,False
38,-86.75309594199996,33.536517686000025,P6,2,1,False
0,-86.75371303799994,33.53571271900006,P6,3,1,False
1,-86.75371360799994,33.53571267700005,P6,3,1,False
2,-86.75371417799994,33.53571271900006,P6,3,1,False
3,-86.75371472999996,33.535712843000056,P6,3,1,False
4,-86.75371524899998,33.53571304500008,P6,3,1,False
5,-86.75371571699998,33.53571332000007,P6,3,1,False
6,-86.75371612199996,33.535713659000066,P6,3,1,False
7,-86.75371644999996,33.53571405100007,P6,3,1,False
8,-86.75371669199995,33.53571448500003,P6,3,1,False
9,-86.75371683999998,33.53571494800008,P6,3,1,False
10,-86.75371688999996,33.535715425000035,P6,3,1,False
11,-86.75371683999998,33.53571590200005,P6,3,1,False
12,-86.75371669199995,33.53571636500004,P6,3,1,False
13,-86.75371641299995,33.53571685000003,P6,3,1,False
14,-86.75367099199997,33.53577667300004,P6,3,1,False
15,-86.75367073699994,33.535776964000036,P6,3,1,False
16,-86.75367033199996,33.53577730300003,P6,3,1,False
17,-86.75366986399996,33.53577757800008,P6,3,1,False
18,-86.75366934499993,33.535777780000046,P6,3,1,False
19,-86.75366879299997,33.53577790400004,P6,3,1,False
20,-86.75366822299998,33.53577794600005,P6,3,1,False
21,-86.75366765299998,33.53577790400004,P6,3,1,False
22,-86.75366710099996,33.535777780000046,P6,3,1,False
23,-86.75366658199994,33.53577757800008,P6,3,1,False
24,-86.75366611399994,33.53577730300003,P6,3,1,False
25,-86.75366570899996,33.535776964000036,P6,3,1,False
26,-86.75366538099996,33.53577657200003,P6,3,1,False
27,-86.75366513899996,33.535776138000074,P6,3,1,False
28,-86.75366499099994,33.535775675000025,P6,3,1,False
29,-86.75366494099995,33.53577519800007,P6,3,1,False
30,-86.75366499099994,33.53577472100005,P6,3,1,False
31,-86.75366513899996,33.53577425800006,P6,3,1,False
32,-86.75366541699998,33.53577377400006,P6,3,1,False
33,-86.75371083899995,33.53571395000006,P6,3,1,False
34,-86.75371109399998,33.535713659000066,P6,3,1,False
35,-86.75371149899996,33.53571332000007,P6,3,1,False
36,-86.75371196699996,33.53571304500008,P6,3,1,False
37,-86.75371248599998,33.535712843000056,P6,3,1,False
38,-86.75371303799994,33.53571271900006,P6,3,1,False
0,-86.75362673399997,33.53582625100006,P6,4,1,False
1,-86.75362730399996,33.53582620900005,P6,4,1,False
2,-86.75362787399996,33.53582625100006,P6,4,1,False
3,-86.75362842599998,33.535826375000056,P6,4,1,False
4,-86.75362894499995,33.53582657700008,P6,4,1,False
5,-86.75362941299994,33.53582685200007,P6,4,1,False
6,-86.75362981799998,33.53582719100007,P6,4,1,False
7,-86.75363014599998,33.53582758300007,P6,4,1,False
8,-86.75363038799998,33.53582801700003,P6,4,1,False
9,-86.75363053599995,33.53582848000008,P6,4,1,False
10,-86.75363058599999,33.535828957000035,P6,4,1,False
11,-86.75363053599995,33.53582943400005,P6,4,1,False
12,-86.75363038799998,33.53582989700004,P6,4,1,False
13,-86.75363010699994,33.535830385000054,P6,4,1,False
14,-86.75360403399998,33.53586450000006,P6,4,1,False
15,-86.75360378399995,33.53586478500006,P6,4,1,False
16,-86.75360337899997,33.535865124000054,P6,4,1,False
17,-86.75360291099997,33.535865399000045,P6,4,1,False
18,-86.75360239199995,33.53586560100007,P6,4,1,False
19,-86.75360183999999,33.535865725000065,P6,4,1,False
20,-86.75360126999999,33.535865767000075,P6,4,1,False
21,-86.75360069999994,33.535865725000065,P6,4,1,False
22,-86.75360014799998,33.53586560100007,P6,4,1,False
23,-86.75359962899995,33.535865399000045,P6,4,1,False
24,-86.75359916099995,33.535865124000054,P6,4,1,False
25,-86.75359875599997,33.53586478500006,P6,4,1,False
26,-86.75359842799998,33.535864393000054,P6,4,1,False
27,-86.75359818599998,33.53586395900004,P6,4,1,False
28,-86.75359803799995,33.53586349600005,P6,4,1,False
29,-86.75359798799997,33.53586301900003,P6,4,1,False
30,-86.75359803799995,33.535862542000075,P6,4,1,False
31,-86.75359818599998,33.535862079000026,P6,4,1,False
32,-86.75359846699996,33.53586159200006,P6,4,1,False
33,-86.75362453999998,33.535827476000065,P6,4,1,False
34,-86.75362478999995,33.53582719100007,P6,4,1,False
35,-86.75362519499998,33.53582685200007,P6,4,1,False
36,-86.75362566299998,33.53582657700008,P6,4,1,False
37,-86.75362618199995,33.535826375000056,P6,4,1,False
38,-86.75362673399997,33.53582625100006,P6,4,1,False
0,-86.75378562099996,33.53561771700004,P6,5,1,False
1,-86.75378619099996,33.535617675000026,P6,5,1,False
2,-86.75378676099996,33.53561771700004,P6,5,1,False
3,-86.75378731299998,33.53561784100003,P6,5,1,False
4,-86.75378783199994,33.535618043000056,P6,5,1,False
5,-86.75378829999994,33.53561831800005,P6,5,1,False
6,-86.75378870499998,33.53561865700004,P6,5,1,False
7,-86.75378903299998,33.53561904900005,P6,5,1,False
8,-86.75378927499997,33.53561948300006,P6,5,1,False
9,-86.75378942299994,33.535619946000054,P6,5,1,False
10,-86.75378947299998,33.53562042300007,P6,5,1,False
11,-86.75378942299994,33.535620900000026,P6,5,1,False
12,-86.75378927499997,33.535621363000075,P6,5,1,False
13,-86.75378899199995,33.535621853000066,P6,5,1,False
14,-86.75376355799995,33.53565503200008,P6,5,1,False
15,-86.75376331099994,33.53565531300006,P6,5,1,False
16,-86.75376290599996,33.53565565200006,P6,5,1,False
17,-86.75376243799997,33.53565592700005,P6,5,1,False
18,-86.75376191899994,33.535656129000074,P6,5,1,False
19,-86.75376136699998,33.53565625300007,P6,5,1,False
20,-86.75376079699998,33.535656295000024,P6,5,1,False
21,-86.75376022699999,33.53565625300007,P6,5,1,False
22,-86.75375967499997,33.535656129000074,P6,5,1,False
23,-86.75375915599994,33.53565592700005,P6,5,1,False
24,-86.75375868799995,33.53565565200006,P6,5,1,False
25,-86.75375828299997,33.53565531300006,P6,5,1,False
26,-86.75375795499997,33.53565492100006,P6,5,1,False
27,-86.75375771299997,33.535654487000045,P6,5,1,False
28,-86.75375756499994,33.53565402400005,P6,5,1,False
29,-86.75375751499996,33.53565354700004,P6,5,1,False
30,-86.75375756499994,33.53565307000002,P6,5,1,False
31,-86.75375771299997,33.53565260700003,P6,5,1,False
32,-86.75375799499994,33.53565211800003,P6,5,1,False
33,-86.75378342999994,33.53561893800003,P6,5,1,False
34,-86.75378367699994,33.53561865700004,P6,5,1,False
35,-86.75378408199998,33.53561831800005,P6,5,1,False
36,-86.75378454999998,33.535618043000056,P6,5,1,False
37,-86.75378506899995,33.53561784100003,P6,5,1,False
38,-86.75378562099996,33.53561771700004,P6,5,1,False
0,-86.75512157699995,33.53391453200004,P6,6,1,False
1,-86.75512214699995,33.53391449000003,P6,6,1,False
2,-86.75512271699995,33.53391453200004,P6,6,1,False
3,-86.75512326899997,33.533914656000036,P6,6,1,False
4,-86.75512378799993,33.53391485800006,P6,6,1,False
5,-86.75512425599999,33.53391513300005,P6,6,1,False
6,-86.75512466099997,33.53391547200005,P6,6,1,False
7,-86.75512498899997,33.53391586400005,P6,6,1,False
8,-86.75512523099997,33.533916298000065,P6,6,1,False
9,-86.75512537899994,33.53391676100006,P6,6,1,False
10,-86.75512542799999,33.53391723800007,P6,6,1,False
11,-86.75512537899994,33.53391771500003,P6,6,1,False
12,-86.75512523099997,33.53391817800008,P6,6,1,False
13,-86.75512489799996,33.53391873000004,P6,6,1,False
14,-86.75512121299994,33.533923007000055,P6,6,1,False
15,-86.75512073499993,33.53392342400008,P6,6,1,False
16,-86.75512026699994,33.53392369900007,P6,6,1,False
17,-86.75511974799997,33.53392390100004,P6,6,1,False
18,-86.75511919599995,33.53392402500003,P6,6,1,False
19,-86.75511862599996,33.533924067000044,P6,6,1,False
20,-86.75511805599996,33.53392402500003,P6,6,1,False
21,-86.75511750399994,33.53392390100004,P6,6,1,False
22,-86.75511698499997,33.53392369900007,P6,6,1,False
23,-86.75511651699998,33.53392342400008,P6,6,1,False
24,-86.75511611199994,33.533923085000026,P6,6,1,False
25,-86.75511578399994,33.53392269300008,P6,6,1,False
26,-86.75511554199994,33.533922259000065,P6,6,1,False
27,-86.75511539399997,33.53392179600007,P6,6,1,False
28,-86.75511534499998,33.53392131900006,P6,6,1,False
29,-86.75511539399997,33.53392084200004,P6,6,1,False
30,-86.75511554199994,33.53392037900005,P6,6,1,False
31,-86.75511587499994,33.53391982800008,P6,6,1,False
32,-86.75511955999997,33.533915551000064,P6,6,1,False
33,-86.75512003799997,33.53391513300005,P6,6,1,False
34,-86.75512050599997,33.53391485800006,P6,6,1,False
35,-86.75512102499994,33.533914656000036,P6,6,1,False
36,-86.75512157699995,33.53391453200004,P6,6,1,False
0,-86.75503648999995,33.534017809000034,P6,7,1,False
1,-86.75503705999995,33.53401776700008,P6,7,1,False
2,-86.75503762999995,33.534017809000034,P6,7,1,False
3,-86.75503818199996,33.53401793300003,P6,7,1,False
4,-86.75503870099999,33.53401813500005,P6,7,1,False
5,-86.75503916899999,33.534018410000044,P6,7,1,False
6,-86.75503957399997,33.53401874900004,P6,7,1,False
7,-86.75503990199996,33.534019141000044,P6,7,1,False
8,-86.75504014399996,33.53401957500006,P6,7,1,False
9,-86.75504029199999,33.53402003800005,P6,7,1,False
10,-86.75504034099998,33.534020515000066,P6,7,1,False
11,-86.75504029199999,33.53402099200002,P6,7,1,False
12,-86.75504014399996,33.53402145500007,P6,7,1,False
13,-86.75503981599996,33.53402200100004,P6,7,1,False
14,-86.75502685799995,33.53403720500006,P6,7,1,False
15,-86.75502637499994,33.53403762800008,P6,7,1,False
16,-86.75502590699995,33.53403790300007,P6,7,1,False
17,-86.75502538799998,33.534038105000036,P6,7,1,False
18,-86.75502483599996,33.53403822900003,P6,7,1,False
19,-86.75502426599996,33.53403827100004,P6,7,1,False
20,-86.75502369599997,33.53403822900003,P6,7,1,False
21,-86.75502314399995,33.534038105000036,P6,7,1,False
22,-86.75502262499998,33.53403790300007,P6,7,1,False
23,-86.75502215699998,33.53403762800008,P6,7,1,False
24,-86.75502175199995,33.534037289000025,P6,7,1,False
25,-86.75502142399995,33.53403689700008,P6,7,1,False
26,-86.75502118199995,33.534036463000064,P6,7,1,False
27,-86.75502103399998,33.53403600000007,P6,7,1,False
28,-86.75502098499999,33.53403552300006,P6,7,1,False
29,-86.75502103399998,33.53403504600004,P6,7,1,False
30,-86.75502118199995,33.53403458300005,P6,7,1,False
31,-86.75502150899996,33.53403403800007,P6,7,1,False
32,-86.75503446699997,33.53401883400005,P6,7,1,False
33,-86.75503495099997,33.534018410000044,P6,7,1,False
34,-86.75503541899997,33.53401813500005,P6,7,1,False
35,-86.75503593799993,33.53401793300003,P6,7,1,False
36,-86.75503648999995,33.534017809000034,P6,7,1,False
0,-86.75498090399998,33.53408301400003,P6,8,1,False
1,-86.75498147399998,33.53408297200008,P6,8,1,False
2,-86.75498204399997,33.53408301400003,P6,8,1,False
3,-86.75498259599999,33.53408313800003,P6,8,1,False
4,-86.75498311499996,33.53408334000005,P6,8,1,False
5,-86.75498358299996,33.53408361500004,P6,8,1,False
6,-86.75498398799994,33.53408395400004,P6,8,1,False
7,-86.75498431599999,33.53408434600004,P6,8,1,False
8,-86.75498455799999,33.53408478000006,P6,8,1,False
9,-86.75498470599996,33.53408524300005,P6,8,1,False
10,-86.75498475499995,33.534085720000064,P6,8,1,False
11,-86.75498470599996,33.53408619700008,P6,8,1,False
12,-86.75498455799999,33.53408666000007,P6,8,1,False
13,-86.75498422999999,33.53408720600004,P6,8,1,False
14,-86.75496653199997,33.534107971000026,P6,8,1,False
15,-86.75496604899996,33.53410839400004,P6,8,1,False
16,-86.75496558099996,33.534108669000034,P6,8,1,False
17,-86.75496506199994,33.53410887100006,P6,8,1,False
18,-86.75496450999998,33.534108995000054,P6,8,1,False
19,-86.75496393999998,33.534109037000064,P6,8,1,False
20,-86.75496336999998,33.534108995000054,P6,8,1,False
21,-86.75496281799997,33.53410887100006,P6,8,1,False
22,-86.75496229899994,33.534108669000034,P6,8,1,False
23,-86.75496183099995,33.53410839400004,P6,8,1,False
24,-86.75496142599997,33.53410805500005,P6,8,1,False
25,-86.75496109799997,33.53410766300004,P6,8,1,False
26,-86.75496085599997,33.53410722900003,P6,8,1,False
27,-86.75496070799994,33.534106766000036,P6,8,1,False
28,-86.75496065899995,33.53410628900008,P6,8,1,False
29,-86.75496070799994,33.534105812000064,P6,8,1,False
30,-86.75496085599997,33.53410534900007,P6,8,1,False
31,-86.75496118299998,33.53410480400004,P6,8,1,False
32,-86.75497888099994,33.53408403900005,P6,8,1,False
33,-86.75497936499994,33.53408361500004,P6,8,1,False
34,-86.75497983299994,33.53408334000005,P6,8,1,False
35,-86.75498035199996,33.53408313800003,P6,8,1,False
36,-86.75498090399998,33.53408301400003,P6,8,1,False
0,-86.75494501699995,33.53412511300007,P6,9,1,False
1,-86.75494558699995,33.53412507100006,P6,9,1,False
2,-86.75494615699995,33.53412511300007,P6,9,1,False
3,-86.75494670899997,33.53412523700007,P6,9,1,False
4,-86.75494722799993,33.534125439000036,P6,9,1,False
5,-86.75494769599999,33.53412571400003,P6,9,1,False
6,-86.75494810099997,33.53412605300008,P6,9,1,False
7,-86.75494842899997,33.53412644500003,P6,9,1,False
8,-86.75494867099997,33.53412687900004,P6,9,1,False
9,-86.75494881899994,33.53412734200003,P6,9,1,False
10,-86.75494886799999,33.53412781900005,P6,9,1,False
11,-86.75494881899994,33.53412829600006,P6,9,1,False
12,-86.75494867099997,33.534128759000055,P6,9,1,False
13,-86.75494834299997,33.53412930500008,P6,9,1,False
14,-86.75493151399996,33.534149049000064,P6,9,1,False
15,-86.75493103099996,33.534149472000024,P6,9,1,False
16,-86.75493056299996,33.53414974700007,P6,9,1,False
17,-86.75493004399993,33.53414994900004,P6,9,1,False
18,-86.75492949199997,33.534150073000035,P6,9,1,False
19,-86.75492892199998,33.534150115000045,P6,9,1,False
20,-86.75492835199998,33.534150073000035,P6,9,1,False
21,-86.75492779999996,33.53414994900004,P6,9,1,False
22,-86.75492728099994,33.53414974700007,P6,9,1,False
23,-86.75492681299994,33.534149472000024,P6,9,1,False
24,-86.75492640799996,33.53414913300003,P6,9,1,False
25,-86.75492607999996,33.534148741000024,P6,9,1,False
26,-86.75492583799996,33.534148307000066,P6,9,1,False
27,-86.75492568999994,33.534147844000074,P6,9,1,False
28,-86.75492564099994,33.53414736700006,P6,9,1,False
29,-86.75492568999994,33.534146890000045,P6,9,1,False
30,-86.75492583799996,33.53414642700005,P6,9,1,False
31,-86.75492616499997,33.534145882000075,P6,9,1,False
32,-86.75494299399998,33.53412613800003,P6,9,1,False
33,-86.75494347799997,33.53412571400003,P6,9,1,False
34,-86.75494394599997,33.534125439000036,P6,9,1,False
35,-86.75494446499994,33.53412523700007,P6,9,1,False
36,-86.75494501699995,33.53412511300007,P6,9,1,False
0,-86.75489008399995,33.53419326100004,P6,10,1,False
1,-86.75489065399995,33.53419321900003,P6,10,1,False
2,-86.75489122399995,33.53419326100004,P6,10,1,False
3,-86.75489177599997,33.53419338500004,P6,10,1,False
4,-86.75489229499999,33.53419358700006,P6,10,1,False
5,-86.75489276299999,33.53419386200005,P6,10,1,False
6,-86.75489316799997,33.53419420100005,P6,10,1,False
7,-86.75489349599997,33.53419459300005,P6,10,1,False
8,-86.75489373799996,33.53419502700007,P6,10,1,False
9,-86.75489388599999,33.53419549000006,P6,10,1,False
10,-86.75489393499998,33.53419596700007,P6,10,1,False
11,-86.75489388599999,33.53419644400003,P6,10,1,False
12,-86.75489373799996,33.53419690700008,P6,10,1,False
13,-86.75489344499994,33.53419741000005,P6,10,1,False
14,-86.75487798899997,33.534217074000026,P6,10,1,False
15,-86.75487776199998,33.53421732900006,P6,10,1,False
16,-86.75487735699994,33.53421766800005,P6,10,1,False
17,-86.75487688899995,33.534217943000044,P6,10,1,False
18,-86.75487636999998,33.53421814500007,P6,10,1,False
19,-86.75487581799996,33.534218269000064,P6,10,1,False
20,-86.75487524799996,33.534218311000075,P6,10,1,False
21,-86.75487467799996,33.534218269000064,P6,10,1,False
22,-86.75487412599995,33.53421814500007,P6,10,1,False
23,-86.75487360699998,33.534217943000044,P6,10,1,False
24,-86.75487313899998,33.53421766800005,P6,10,1,False
25,-86.75487273399995,33.53421732900006,P6,10,1,False
26,-86.75487240599995,33.53421693700005,P6,10,1,False
27,-86.75487216399995,33.53421650300004,P6,10,1,False
28,-86.75487201599998,33.53421604000005,P6,10,1,False
29,-86.75487196699999,33.53421556300003,P6,10,1,False
30,-86.75487201599998,33.534215086000074,P6,10,1,False
31,-86.75487216399995,33.534214623000025,P6,10,1,False
32,-86.75487245599999,33.53421412100005,P6,10,1,False
33,-86.75488791299995,33.53419445600008,P6,10,1,False
34,-86.75488813999993,33.53419420100005,P6,10,1,False
35,-86.75488854499997,33.53419386200005,P6,10,1,False
36,-86.75488901299997,33.53419358700006,P6,10,1,False
37,-86.75488953199994,33.53419338500004,P6,10,1,False
38,-86.75489008399995,33.53419326100004,P6,10,1,False
0,-86.75484729199997,33.53424768900004,P6,11,1,False
1,-86.75484786199996,33.53424764700003,P6,11,1,False
2,-86.75484843199996,33.53424768900004,P6,11,1,False
3,-86.75484898399998,33.534247813000036,P6,11,1,False
4,-86.75484950299995,33.53424801500006,P6,11,1,False
5,-86.75484997099994,33.53424829000005,P6,11,1,False
6,-86.75485037599998,33.53424862900005,P6,11,1,False
7,-86.75485070399998,33.53424902100005,P6,11,1,False
8,-86.75485094599998,33.534249455000065,P6,11,1,False
9,-86.75485109399995,33.53424991800006,P6,11,1,False
10,-86.75485114299994,33.53425039500007,P6,11,1,False
11,-86.75485109399995,33.53425087200003,P6,11,1,False
12,-86.75485094599998,33.53425133500008,P6,11,1,False
13,-86.75485065299995,33.534251838000046,P6,11,1,False
14,-86.75484440099996,33.53425979200006,P6,11,1,False
15,-86.75484417499996,33.53426004600004,P6,11,1,False
16,-86.75484376999998,33.53426038500004,P6,11,1,False
17,-86.75484330199998,33.53426066000003,P6,11,1,False
18,-86.75484278299996,33.53426086200005,P6,11,1,False
19,-86.75484223099994,33.53426098600005,P6,11,1,False
20,-86.75484166099994,33.53426102800006,P6,11,1,False
21,-86.75484109099995,33.53426098600005,P6,11,1,False
22,-86.75484053899999,33.53426086200005,P6,11,1,False
23,-86.75484001999996,33.53426066000003,P6,11,1,False
24,-86.75483955199996,33.53426038500004,P6,11,1,False
25,-86.75483914699998,33.53426004600004,P6,11,1,False
26,-86.75483881899999,33.53425965400004,P6,11,1,False
27,-86.75483857699999,33.534259220000024,P6,11,1,False
28,-86.75483842899996,33.53425875700003,P6,11,1,False
29,-86.75483837999997,33.534258280000074,P6,11,1,False
30,-86.75483842899996,33.53425780300006,P6,11,1,False
31,-86.75483857699999,33.53425734000007,P6,11,1,False
32,-86.75483886999996,33.534256837000044,P6,11,1,False
33,-86.75484512199995,33.53424888300003,P6,11,1,False
34,-86.75484534799995,33.53424862900005,P6,11,1,False
35,-86.75484575299998,33.53424829000005,P6,11,1,False
36,-86.75484622099998,33.53424801500006,P6,11,1,False
37,-86.75484673999995,33.534247813000036,P6,11,1,False
38,-86.75484729199997,33.53424768900004,P6,11,1,False
0,-86.75528420799998,33.533695066000064,P6,12,1,False
1,-86.75528477799998,33.53369502400005,P6,12,1,False
2,-86.75528534799997,33.533695066000064,P6,12,1,False
3,-86.75528589999999,33.53369519000006,P6,12,1,False
4,-86.75528641899996,33.53369539200003,P6,12,1,False
5,-86.75528688699995,33.533695667000075,P6,12,1,False
6,-86.75528729199993,33.53369600600007,P6,12,1,False
7,-86.75528761999999,33.533696398000075,P6,12,1,False
8,-86.75528786199999,33.53369683200003,P6,12,1,False
9,-86.75528800999996,33.533697295000024,P6,12,1,False
10,-86.75528805899995,33.53369777200004,P6,12,1,False
11,-86.75528800999996,33.533698249000054,P6,12,1,False
12,-86.75528786199999,33.533698712000046,P6,12,1,False
13,-86.75528759499997,33.53369918100003,P6,12,1,False
14,-86.75527050999995,33.53372234700004,P6,12,1,False
15,-86.75526732899993,33.53372658300003,P6,12,1,False
16,-86.75526706499994,33.53372688600007,P6,12,1,False
17,-86.75526665999996,33.533727225000064,P6,12,1,False
18,-86.75526619199997,33.533727500000055,P6,12,1,False
19,-86.75526567299994,33.53372770200008,P6,12,1,False
20,-86.75526512099998,33.533727826000074,P6,12,1,False
21,-86.75526455099998,33.53372786800003,P6,12,1,False
22,-86.75526398099998,33.533727826000074,P6,12,1,False
23,-86.75526342899997,33.53372770200008,P6,12,1,False
24,-86.75526290999994,33.533727500000055,P6,12,1,False
25,-86.75526244199995,33.533727225000064,P6,12,1,False
26,-86.75526203699997,33.53372688600007,P6,12,1,False
27,-86.75526170899997,33.533726494000064,P6,12,1,False
28,-86.75526146699997,33.53372606000005,P6,12,1,False
29,-86.75526131899994,33.53372559700006,P6,12,1,False
30,-86.75526126999995,33.53372512000004,P6,12,1,False
31,-86.75526131899994,33.53372464300003,P6,12,1,False
32,-86.75526146699997,33.533724180000036,P6,12,1,False
33,-86.75526174099997,33.53372370200003,P6,12,1,False
34,-86.75526493999996,33.53371944000003,P6,12,1,False
35,-86.75528198599994,33.533696328000076,P6,12,1,False
36,-86.75528226399996,33.53369600600007,P6,12,1,False
37,-86.75528266899994,33.533695667000075,P6,12,1,False
38,-86.75528313699994,33.53369539200003,P6,12,1,False
39,-86.75528365599996,33.53369519000006,P6,12,1,False
40,-86.75528420799998,33.533695066000064,P6,12,1,False
0,-86.75305917199995,33.536506219000046,P6,13,1,False
1,-86.75305974199995,33.536506177000035,P6,13,1,False
2,-86.75306031199995,33.536506219000046,P6,13,1,False
3,-86.75306086399996,33.53650634300004,P6,13,1,False
4,-86.75306138299999,33.536506545000066,P6,13,1,False
5,-86.75306185099998,33.53650682000006,P6,13,1,False
6,-86.75306225599996,33.53650715900005,P6,13,1,False
7,-86.75306258399996,33.53650755100006,P6,13,1,False
8,-86.75306282599996,33.53650798500007,P6,13,1,False
9,-86.75306297399999,33.53650844800006,P6,13,1,False
10,-86.75306302399997,33.53650892500008,P6,13,1,False
11,-86.75306297399999,33.536509402000036,P6,13,1,False
12,-86.75306282599996,33.53650986500003,P6,13,1,False
13,-86.75306253599996,33.53651036400004,P6,13,1,False
14,-86.75304193699998,33.53653674000003,P6,13,1,False
15,-86.75304170499999,33.536537002000046,P6,13,1,False
16,-86.75304129999995,33.53653734100004,P6,13,1,False
17,-86.75304083199995,33.53653761600003,P6,13,1,False
18,-86.75304031299999,33.536537818000056,P6,13,1,False
19,-86.75303976099997,33.53653794200005,P6,13,1,False
20,-86.75303919099997,33.53653798400006,P6,13,1,False
21,-86.75303862099997,33.53653794200005,P6,13,1,False
22,-86.75303806899996,33.536537818000056,P6,13,1,False
23,-86.75303754999999,33.53653761600003,P6,13,1,False
24,-86.75303708199993,33.53653734100004,P6,13,1,False
25,-86.75303667699995,33.536537002000046,P6,13,1,False
26,-86.75303634899996,33.53653661000004,P6,13,1,False
27,-86.75303610699996,33.53653617600003,P6,13,1,False
28,-86.75303595899999,33.536535713000035,P6,13,1,False
29,-86.75303590899995,33.53653523600008,P6,13,1,False
30,-86.75303595899999,33.53653475900006,P6,13,1,False
31,-86.75303610699996,33.53653429600007,P6,13,1,False
32,-86.75303639699996,33.53653379700006,P6,13,1,False
33,-86.75305699599994,33.53650742100007,P6,13,1,False
34,-86.75305722799999,33.53650715900005,P6,13,1,False
35,-86.75305763299997,33.53650682000006,P6,13,1,False
36,-86.75305810099997,33.536506545000066,P6,13,1,False
37,-86.75305861999999,33.53650634300004,P6,13,1,False
38,-86.75305917199995,33.536506219000046,P6,13,1,False
