X1,LeakName,Longitude,Latitude,Verified,TimesSeen,maxDist,mn_maxc2h6_ab,mn_maxch4_ab,threshold,First_Time,geometry,win,POLYGON,LEAKNUM,PolyLK_1,type,Analysis,Polygon,verified,PolyLK_4,PolyLK_2,OBJECTID_1,FID_techFi,PolyLK,Field1
0,Spire_comp6_audit17s_1609756500.7,-86.75825326536102,33.531509292530764,TRUE,4,12.358546425651696,35.23026819444445,1.5167434722222224,0.1,2021-01-04T03:35:00Z,POINT (-86.75825326536102 33.53150929253076),TRUE,P6,1,P6L1,AMLD,1,6,TRUE,NA,NA,NA,NA,P6L1,NA
1,Spire_comp6_audit17s_1609756824.9,-86.74621622267948,33.53942050819684,TRUE,5,17.791492359161264,18.689030892857144,0.8549560714285713,0.1,2021-01-04T03:40:24Z,POINT (-86.74621622267948 33.53942050819684),TRUE,P6,2,P6L2,AMLD,1,6,TRUE,NA,NA,NA,NA,P6L2,NA
2,Spire_comp6_audit17s_1609756913.1,-86.74499201340937,33.53934153521985,TRUE,5,17.46098154358432,21.1149171875,0.9669831249999996,0.1,2021-01-04T03:41:53Z,POINT (-86.74499201340937 33.53934153521985),TRUE,P6,3,P6L3,AMLD,1,6,TRUE,NA,NA,NA,NA,P6L3,NA
3,Spire_comp6_audit17s_1609756964.3,-86.74546372255611,33.53971245814315,TRUE,5,17.297694233567945,9.768280625,0.6177287499999999,0.1,2021-01-04T03:42:44Z,POINT (-86.74546372255611 33.53971245814315),TRUE,P6,4,P6L4,AMLD,1,6,TRUE,NA,NA,NA,NA,P6L4,NA
4,Spire_comp6_audit17s_1609757050.3,-86.74827419888996,33.53873843099694,TRUE,7,16.052490885032476,180.02965516666669,5.935443833333334,0.1,2021-01-04T03:44:10Z,POINT (-86.74827419888996 33.53873843099694),TRUE,P6,5,P6L5,AMLD,1,6,TRUE,NA,NA,NA,NA,P6L5,NA
5,Spire_comp6_audit17s_1609757107.7,-86.75275574158357,33.537044076711005,TRUE,2,23.916960501402613,12.106408125,0.40801750000000014,0.1,2021-01-04T03:45:07Z,POINT (-86.75275574158357 33.53704407671101),TRUE,P6,6,P6L6,AMLD,1,6,TRUE,NA,NA,NA,NA,P6L6,NA
6,Spire_comp6_audit17s_1609757844.6,-86.75553102036396,33.530733153003204,TRUE,4,13.85101200148473,10.13666125,1.255841875,0.1,2021-01-04T03:57:24Z,POINT (-86.75553102036396 33.5307331530032),TRUE,P6,7,P6L7,AMLD,1,6,TRUE,NA,NA,NA,NA,P6L7,NA
8,Spire_comp6_audit17s_1609758088.6,-86.74928208990097,33.534950620885205,TRUE,2,11.157277369158273,14.96607375,0.8171575000000002,0.1,2021-01-04T04:01:28Z,POINT (-86.74928208990097 33.5349506208852),TRUE,P6,8,P6L9,AMLD,1,6,TRUE,NA,NA,NA,NA,P6L8,NA
9,Spire_comp6_audit17s_1609758392.7,-86.75080141929422,33.534598583519085,TRUE,2,2.5499972560375066,1.4544456874999991,0.335936875,0.1,2021-01-04T04:06:32Z,POINT (-86.75080141929422 33.53459858351908),TRUE,P6,9,P6L10,AMLD,1,6,TRUE,NA,NA,NA,NA,P6L9,NA
11,Spire_comp6_audit17s_1609758848.5,-86.7475268547551,33.53203248324674,TRUE,9,30.968804667473922,36.61141525,1.6366121250000003,0.1,2021-01-04T04:14:08Z,POINT (-86.74752685475509 33.53203248324674),TRUE,P6,10,P6L12,AMLD,1,6,TRUE,NA,NA,NA,NA,P6L10,NA
12,Spire_comp6_audit17s_1609759072.8,-86.75037661375973,33.52969507391971,TRUE,2,1.0615988705206585,0.5866124999999989,0.2948925,0.1,2021-01-04T04:17:52Z,POINT (-86.75037661375973 33.52969507391971),TRUE,P6,11,P6L13,AMLD,1,6,TRUE,NA,NA,NA,NA,P6L11,NA
13,Spire_comp6_audit17s_1609759160.1,-86.7441504028574,33.53091232081923,TRUE,2,0.1847367732853069,1.6887000000000008,0.2714749999999997,0.1,2021-01-04T04:19:20Z,POINT (-86.7441504028574 33.53091232081923),TRUE,P6,12,P6L14,AMLD,1,6,TRUE,NA,NA,NA,NA,P6L12,NA
14,Spire_comp6_audit17s_1609759191.7,-86.74097299523191,33.531699899741895,TRUE,3,15.442457956007061,8.7510484375,0.6467990625000002,0.1,2021-01-04T04:19:51Z,POINT (-86.74097299523191 33.53169989974189),TRUE,P6,13,P6L15,AMLD,1,6,TRUE,NA,NA,NA,NA,P6L13,NA
15,Spire_comp6_audit17s_1609759243.9,-86.74192695353895,33.533287629782016,TRUE,5,14.976599033525007,7.445845468749999,0.7285637500000001,0.1,2021-01-04T04:20:43Z,POINT (-86.74192695353895 33.53328762978202),TRUE,P6,14,P6L16,AMLD,1,6,TRUE,NA,NA,NA,NA,P6L14,NA
16,Spire_comp6_audit17s_1609759538.7,-86.74728621970579,33.53028862526751,TRUE,3,9.554547902805428,0.27592049999999946,0.34619666666666643,0.1,2021-01-04T04:25:38Z,POINT (-86.74728621970579 33.53028862526751),TRUE,P6,15,P6L17,AMLD,1,6,TRUE,NA,NA,NA,NA,P6L15,NA
17,Spire_comp6_audit17s_1609760261.6,-86.74880158702416,33.53107179277496,TRUE,3,8.684440096072104,3.60233890625,0.5614339062499999,0.1,2021-01-04T04:37:41Z,POINT (-86.74880158702416 33.53107179277496),TRUE,P6,16,P6L18,AMLD,1,6,TRUE,NA,NA,NA,NA,P6L16,NA
18,Spire_comp6_audit17s_1609760516.6,-86.74502726762155,33.53292878736703,TRUE,6,15.162608058168486,4.784521153846155,0.8280917307692306,0.1,2021-01-04T04:41:56Z,POINT (-86.74502726762155 33.53292878736703),TRUE,P6,17,P6L19,AMLD,1,6,TRUE,NA,NA,NA,NA,P6L17,NA
19,Spire_comp6_audit17s_1609760840.4,-86.74567416320724,33.533976318430355,TRUE,3,19.23370436085007,0.8351087499999993,0.9707299999999996,0.1,2021-01-04T04:47:20Z,POINT (-86.74567416320724 33.53397631843035),TRUE,P6,18,P6L20,AMLD,1,6,TRUE,NA,NA,NA,NA,P6L18,NA
20,Spire_comp6_audit17s_1609761016.7,-86.74514006730855,33.53187549753478,TRUE,2,8.827960610712003,0.9479937500000002,0.7213693749999999,0.1,2021-01-04T04:50:16Z,POINT (-86.74514006730855 33.53187549753478),TRUE,P6,19,P6L21,AMLD,1,6,TRUE,NA,NA,NA,NA,P6L19,NA
22,Spire_comp6_audit17s_1609761087.3,-86.74254212297231,33.532613216530805,TRUE,2,19.86100700267008,0.6918999999999986,0.7473037499999997,0.1,2021-01-04T04:51:27Z,POINT (-86.74254212297231 33.53261321653081),TRUE,P6,20,P6L23,AMLD,1,6,TRUE,NA,NA,NA,NA,P6L20,NA
23,Spire_comp6_audit17s_1609762016.5,-86.74894780497816,33.53322731434526,TRUE,3,19.076202800975548,7.248246874999999,0.7717646874999997,0.1,2021-01-04T05:06:56Z,POINT (-86.74894780497816 33.53322731434526),TRUE,P6,21,P6L24,AMLD,1,6,TRUE,NA,NA,NA,NA,P6L21,NA
24,Spire_comp6_audit17s_1609762058.5,-86.75183977973438,33.53230068158465,TRUE,2,12.288222184373558,21.78657291666667,0.9568225,0.1,2021-01-04T05:07:38Z,POINT (-86.75183977973438 33.53230068158465),TRUE,P6,22,P6L25,AMLD,1,6,TRUE,NA,NA,NA,NA,P6L22,NA
25,Spire_comp6_audit17s_1609763052.1,-86.74921395751211,33.53714973233974,TRUE,5,6.221441712516588,0.8748470000000002,0.31148749999999986,0.1,2021-01-04T05:24:12Z,POINT (-86.74921395751211 33.53714973233974),TRUE,P6,23,P6L26,AMLD,1,6,TRUE,NA,NA,NA,NA,P6L23,NA
26,Spire_comp6_audit17s_1609763767.5,-86.74412685628532,33.537298475582645,TRUE,5,10.766123881823368,11.404697352941177,0.7934470588235293,0.1,2021-01-04T05:36:07Z,POINT (-86.74412685628532 33.53729847558265),TRUE,P6,24,P6L27,AMLD,1,6,TRUE,NA,NA,NA,NA,P6L24,NA
27,Spire_comp6_audit17s_1609764568.6,-86.74398192795208,33.5396019861269,TRUE,4,8.469853175139352,17.746613055555557,0.9438823611111112,0.1,2021-01-04T05:49:28Z,POINT (-86.74398192795208 33.5396019861269),TRUE,P6,25,P6L28,AMLD,1,6,TRUE,NA,NA,NA,NA,P6L25,NA
NA,NA,-86.746936,33.534594,FALSE,NA,NA,NA,NA,NA,NA,NA,TRUE,P6,26,NA,extra,NA,NA,NA,NA,NA,NA,NA,P6L26,NA
NA,NA,-86.757337,33.530087,NA,NA,NA,NA,NA,NA,NA,NA,TRUE,P6,27,NA,Tech,NA,6,NA,NA,NA,99,174,P6L27,NA
NA,NA,-86.755096,33.530826,NA,NA,NA,NA,NA,NA,NA,NA,TRUE,P6,28,NA,Tech,NA,6,NA,NA,NA,101,175,P6L28,NA
12,Spire_comp6_audit47s_1609759358.6,-86.74226839301168,33.53350762941679,TRUE,3,0.979260231207472,0.048916666666666934,0.609021666666667,0.17,2021-01-04T04:22:38Z,POINT (-86.74226839301168 33.53350762941679),TRUE,P6,29,NA,AMLD,4,6,TRUE,P6L13,NA,NA,NA,P6L29,NA
14,Spire_comp6_audit47s_1609760481.7,-86.74753873342955,33.53140890833644,TRUE,6,6.735808673229357,3.5448288749999994,0.8481593750000002,0.17,2021-01-04T04:41:21Z,POINT (-86.74753873342955 33.53140890833644),TRUE,P6,30,NA,AMLD,4,6,TRUE,P6L15,NA,NA,NA,P6L30,NA
17,Spire_comp6_audit47s_1609760919.4,-86.74424083077865,33.53249157724669,TRUE,3,14.749196738449823,0.022170833333334517,0.6652441666666665,0.17,2021-01-04T04:48:39Z,POINT (-86.74424083077865 33.53249157724669),TRUE,P6,31,NA,AMLD,4,6,TRUE,P6L18,NA,NA,NA,P6L31,NA
23,Spire_comp6_audit47s_1609762016.5,-86.74850345593298,33.53333078723534,TRUE,2,18.755581605710773,6.344073125,0.7112812499999999,0.17,2021-01-04T05:06:56Z,POINT (-86.74850345593298 33.53333078723534),TRUE,P6,32,NA,AMLD,4,6,TRUE,P6L24,NA,NA,NA,P6L32,NA
29,Spire_comp6_audit47s_1609763302.3,-86.74754495356648,33.532564876729786,TRUE,2,26.31136230314579,20.47628375,0.6406949999999996,0.17,2021-01-04T05:28:22Z,POINT (-86.74754495356648 33.53256487672979),TRUE,P6,33,NA,AMLD,4,6,TRUE,P6L30,NA,NA,NA,P6L33,NA
32,Spire_comp6_audit47s_1609764547.7,-86.74398463814495,33.537648516981285,TRUE,2,1.256604210268856,7.0216575000000025,0.7438400000000001,0.17,2021-01-04T05:49:07Z,POINT (-86.74398463814495 33.53764851698129),TRUE,P6,34,NA,AMLD,4,6,TRUE,P6L33,NA,NA,NA,P6L34,NA
35,Spire_comp6_audit47s_1609764700.7,-86.7439994317787,33.538173749368745,TRUE,3,1.6966900275330907,4.8040146875,0.6422065625,0.17,2021-01-04T05:51:40Z,POINT (-86.7439994317787 33.53817374936875),TRUE,P6,35,NA,AMLD,4,6,TRUE,P6L36,NA,NA,NA,P6L35,NA
1,Spire_comp6_audit17s_1609756894.7,-86.74501595249936,33.53975244333957,TRUE,5,10.91691759918645,6.56645,0.3028175,0.05,2021-01-04T03:41:34Z,POINT (-86.74501595249936 33.53975244333957),TRUE,P6,36,NA,AMLD,2,6,TRUE,NA,P6L2,NA,NA,P6L36,NA
7,Spire_comp6_audit17s_1609757624.2,-86.75788036236516,33.52956710393748,TRUE,2,4.4173111455701335,1.5627999999999995,0.17827499999999974,0.05,2021-01-04T03:53:44Z,POINT (-86.75788036236516 33.52956710393748),TRUE,P6,37,NA,AMLD,2,6,TRUE,NA,P6L8,NA,NA,P6L37,NA
9,Spire_comp6_audit17s_1609758007.7,-86.7518973191267,33.533568333106984,TRUE,2,6.249767172097763,0.2555662500000002,0.1954206249999999,0.05,2021-01-04T04:00:07Z,POINT (-86.7518973191267 33.53356833310698),TRUE,P6,38,NA,AMLD,2,6,TRUE,NA,P6L10,NA,NA,P6L38,NA
14,Spire_comp6_audit17s_1609758786.5,-86.75282726645024,33.53100985131097,TRUE,3,2.203927689576308,1.4548287499999997,0.15939437499999998,0.05,2021-01-04T04:13:06Z,POINT (-86.75282726645024 33.53100985131097),TRUE,P6,39,NA,AMLD,2,6,TRUE,NA,P6L15,NA,NA,P6L39,NA
16,Spire_comp6_audit17s_1609758901.7,-86.7519836426,33.5312232971,TRUE,3,0,0.5238750000000003,0.11738874999999993,0.05,2021-01-04T04:15:01Z,POINT (-86.7519836426 33.5312232971),TRUE,P6,40,NA,AMLD,2,6,TRUE,NA,P6L17,NA,NA,P6L40,NA
21,Spire_comp6_audit17s_1609759538.7,-86.74745061292644,33.53078072073618,TRUE,9,16.052442189195173,1.3612004999999998,0.4062935937499998,0.05,2021-01-04T04:25:38Z,POINT (-86.74745061292644 33.53078072073618),TRUE,P6,41,NA,AMLD,2,6,TRUE,NA,P6L22,NA,NA,P6L41,NA
24,Spire_comp6_audit17s_1609760284.1,-86.7487993613477,33.53036764200764,TRUE,2,20.360402640678505,3.7580175000000007,0.4412037499999999,0.05,2021-01-04T04:38:04Z,POINT (-86.74879936134769 33.53036764200764),TRUE,P6,42,NA,AMLD,2,6,TRUE,NA,P6L25,NA,NA,P6L42,NA
26,Spire_comp6_audit17s_1609760543.2,-86.74311560246569,33.533435844355125,TRUE,3,4.326770069022313,2.4656541666666656,0.2956637500000001,0.05,2021-01-04T04:42:23Z,POINT (-86.74311560246569 33.53343584435513),TRUE,P6,43,NA,AMLD,2,6,TRUE,NA,P6L27,NA,NA,P6L43,NA
28,Spire_comp6_audit17s_1609761015.7,-86.74561282314455,33.531663712156856,TRUE,2,11.109555004328657,2.5530732142857158,0.5002260714285713,0.05,2021-01-04T04:50:15Z,POINT (-86.74561282314455 33.53166371215686),TRUE,P6,44,NA,AMLD,2,6,TRUE,NA,P6L29,NA,NA,P6L44,NA
30,Spire_comp6_audit17s_1609761748.2,-86.74985762775711,33.53290452275562,TRUE,4,8.053615591216639,3.340543,0.3042257499999999,0.05,2021-01-04T05:02:28Z,POINT (-86.74985762775711 33.53290452275562),TRUE,P6,45,NA,AMLD,2,6,TRUE,NA,P6L31,NA,NA,P6L45,NA
35,Spire_comp6_audit17s_1609763347.3,-86.74830424383661,33.535357215093796,TRUE,2,1.4458419217628773,-0.4424147499999999,0.11114749999999972,0.05,2021-01-04T05:29:07Z,POINT (-86.74830424383661 33.5353572150938),TRUE,P6,46,NA,AMLD,2,6,TRUE,NA,P6L36,NA,NA,P6L46,NA
40,Spire_comp6_audit17s_1609765407.3,-86.75184353542221,33.53663757903636,TRUE,2,19.922962042156986,7.8164333333333325,0.2504070833333333,0.05,2021-01-04T06:03:27Z,POINT (-86.75184353542221 33.53663757903636),TRUE,P6,47,NA,AMLD,2,6,TRUE,NA,P6L41,NA,NA,P6L47,NA
41,Spire_comp6_audit17s_1609765431.9,-86.75185537039683,33.537425072404126,TRUE,2,13.501819760284471,5.998575000000002,0.17796250000000002,0.05,2021-01-04T06:03:51Z,POINT (-86.75185537039683 33.53742507240413),TRUE,P6,48,NA,AMLD,2,6,TRUE,NA,P6L42,NA,NA,P6L48,NA
33,Spire_comp6_audit17s_1609774288.8,-86.74301435605642,33.531555089529554,FALSE,1,10.598174389146587,9.11647875,0.6688300000000003,0.1,2021-01-04T08:31:28Z,POINT (-86.74301435605642 33.53155508952955),TRUE,P6,49,P6L34,AMLD,1,6,FALSE,NA,NA,NA,NA,P6L49,NA
28,Spire_comp6_audit17s_1609764628.7,-86.74331488764038,33.53939666145381,FALSE,1,17.46351544415674,64.043925,1.88854625,0.1,2021-01-04T05:50:28Z,POINT (-86.74331488764038 33.53939666145381),TRUE,P6,50,P6L29,AMLD,1,6,FALSE,NA,NA,NA,NA,P6L50,NA
31,Spire_comp6_audit17s_1609771256.9,-86.7491753105618,33.538415386980766,FALSE,1,8.9672972973157,49.72453875,3.8878975,0.1,2021-01-04T07:40:56Z,POINT (-86.7491753105618 33.53841538698077),TRUE,P6,51,P6L32,AMLD,1,6,FALSE,NA,NA,NA,NA,P6L51,NA
7,Spire_comp6_audit17s_1609758008.7,-86.75177001950001,33.5334587097,FALSE,1,0,-0.09152375000000036,0.2448762499999999,0.1,2021-01-04T04:00:08Z,POINT (-86.75177001950001 33.5334587097),TRUE,P6,52,P6L8,AMLD,1,6,FALSE,NA,NA,NA,NA,P6L52,NA
10,Spire_comp6_audit17s_1609758518.7,-86.75713616633513,33.53033179019959,FALSE,1,0.785474881336917,1.2965462499999996,0.38688249999999996,0.1,2021-01-04T04:08:38Z,POINT (-86.75713616633513 33.53033179019959),TRUE,P6,53,P6L11,AMLD,1,6,FALSE,NA,NA,NA,NA,P6L53,NA
NA,NA,-86.753367,33.529761,FALSE,NA,NA,NA,NA,NA,NA,NA,TRUE,P6,54,NA,extra,NA,NA,NA,NA,NA,NA,NA,P6L54,NA
NA,NA,-86.744041,33.53794,NA,NA,NA,NA,NA,NA,NA,NA,TRUE,P6,55,NA,Tech,NA,6,NA,NA,NA,109,181,P6L55,NA
NA,NA,-86.744035,33.538536,NA,NA,NA,NA,NA,NA,NA,NA,TRUE,P6,56,NA,Tech,NA,6,NA,NA,NA,111,180,P6L56,NA
0,NA,-86.827999,33.548827,NA,NA,NA,NA,NA,NA,NA,NA,TRUE,P3,1,NA,Tech,NA,3,NA,NA,NA,NA,NA,P3L1,NA
20,NA,-86.82023,33.552962,NA,NA,NA,NA,NA,NA,NA,NA,TRUE,P3,2,NA,Tech,NA,3,NA,NA,NA,NA,NA,P3L2,NA
32,NA,-86.821216,33.555452,NA,NA,NA,NA,NA,NA,NA,NA,TRUE,P3,3,NA,Tech,NA,3,NA,NA,NA,NA,NA,P3L3,NA
46,NA,-86.820465,33.557618,NA,NA,NA,NA,NA,NA,NA,NA,TRUE,P3,4,NA,Tech,NA,3,NA,NA,NA,NA,NA,P3L4,NA
55,NA,-86.820191,33.558817,NA,NA,NA,NA,NA,NA,NA,NA,TRUE,P3,5,NA,Tech,NA,3,NA,NA,NA,NA,NA,P3L5,NA
NA,NA,-86.8227763869,33.5654025835,NA,NA,NA,NA,NA,NA,NA,NA,TRUE,P3,6,NA,AMLD,1,3,TRUE,NA,NA,NA,NA,P3L6,1
NA,NA,-86.8215864316,33.5562176607,NA,NA,NA,NA,NA,NA,NA,NA,TRUE,P3,7,NA,AMLD,1,3,TRUE,NA,NA,NA,NA,P3L7,2
NA,NA,-86.8209905322,33.5549338059,NA,NA,NA,NA,NA,NA,NA,NA,TRUE,P3,8,NA,AMLD,1,3,TRUE,NA,NA,NA,NA,P3L8,3
NA,NA,-86.8198964946,33.5522949103,NA,NA,NA,NA,NA,NA,NA,NA,TRUE,P3,9,NA,AMLD,1,3,TRUE,NA,NA,NA,NA,P3L9,4
NA,NA,-86.8193821555,33.5506924676,NA,NA,NA,NA,NA,NA,NA,NA,TRUE,P3,10,NA,AMLD,1,3,TRUE,NA,NA,NA,NA,P3L10,5
NA,NA,-86.8187747333,33.5496805589,NA,NA,NA,NA,NA,NA,NA,NA,TRUE,P3,11,NA,AMLD,1,3,TRUE,NA,NA,NA,NA,P3L11,6
NA,NA,-86.8258897996,33.5550746049,NA,NA,NA,NA,NA,NA,NA,NA,TRUE,P3,12,NA,AMLD,1,3,TRUE,NA,NA,NA,NA,P3L12,7
NA,NA,-86.81442444,33.5583802683,NA,NA,NA,NA,NA,NA,NA,NA,TRUE,P3,13,NA,AMLD,1,3,TRUE,NA,NA,NA,NA,P3L13,11
NA,NA,-86.8167418914,33.55220666,NA,NA,NA,NA,NA,NA,NA,NA,TRUE,P3,14,NA,AMLD,1,3,TRUE,NA,NA,NA,NA,P3L14,13
NA,NA,-86.8204613658,33.5510258289,NA,NA,NA,NA,NA,NA,NA,NA,TRUE,P3,15,NA,AMLD,1,3,TRUE,NA,NA,NA,NA,P3L15,14
NA,NA,-86.8272603983,33.5507176021,NA,NA,NA,NA,NA,NA,NA,NA,TRUE,P3,16,NA,AMLD,1,3,TRUE,NA,NA,NA,NA,P3L16,16
NA,NA,-86.8185306363,33.5609992982,NA,NA,NA,NA,NA,NA,NA,NA,TRUE,P3,17,NA,AMLD,1,3,TRUE,NA,NA,NA,NA,P3L17,17
NA,NA,-86.8186701235,33.5605541328,NA,NA,NA,NA,NA,NA,NA,NA,TRUE,P3,18,NA,AMLD,1,3,TRUE,NA,NA,NA,NA,P3L18,18
NA,NA,-86.8160488627,33.5577843556,NA,NA,NA,NA,NA,NA,NA,NA,TRUE,P3,19,NA,AMLD,1,3,TRUE,NA,NA,NA,NA,P3L19,21
NA,NA,-86.8231774806,33.5615540081,NA,NA,NA,NA,NA,NA,NA,NA,TRUE,P3,20,NA,AMLD,1,3,TRUE,NA,NA,NA,NA,P3L20,24
NA,NA,-86.8252143484,33.5563954629,NA,NA,NA,NA,NA,NA,NA,NA,TRUE,P3,21,NA,AMLD,1,3,TRUE,NA,NA,NA,NA,P3L21,27
NA,NA,-86.8255777633,33.5543305511,NA,NA,NA,NA,NA,NA,NA,NA,TRUE,P3,22,NA,AMLD,1,3,TRUE,NA,NA,NA,NA,P3L22,29
NA,NA,-86.817602529,33.5608570124,NA,NA,NA,NA,NA,NA,NA,NA,TRUE,P3,23,NA,AMLD,1,3,TRUE,NA,NA,NA,NA,P3L23,36
NA,NA,-86.8178980668,33.5593441328,NA,NA,NA,NA,NA,NA,NA,NA,TRUE,P3,24,NA,AMLD,1,3,TRUE,NA,NA,NA,NA,P3L24,47
NA,NA,-86.8248424434,33.5526126615,NA,NA,NA,NA,NA,NA,NA,NA,TRUE,P3,25,NA,AMLD,1,3,FALSE,NA,NA,NA,NA,P3L25,8
NA,NA,-86.8125962188,33.5590786317,NA,NA,NA,NA,NA,NA,NA,NA,TRUE,P3,26,NA,AMLD,1,3,FALSE,NA,NA,NA,NA,P3L26,12
NA,NA,-86.829859266,33.5554172666,NA,NA,NA,NA,NA,NA,NA,NA,TRUE,P3,27,NA,AMLD,1,3,FALSE,NA,NA,NA,NA,P3L27,30
NA,NA,-86.8115619677,33.5587657538,NA,NA,NA,NA,NA,NA,NA,NA,TRUE,P3,28,NA,AMLD,1,3,FALSE,NA,NA,NA,NA,P3L28,32
NA,NA,-86.8177493028,33.5513257276,NA,NA,NA,NA,NA,NA,NA,NA,TRUE,P3,29,NA,AMLD,1,3,FALSE,NA,NA,NA,NA,P3L29,46
NA,NA,-86.8238306836,33.5623624787,NA,NA,NA,NA,NA,NA,NA,NA,TRUE,P3,30,NA,AMLD,3,3,NA,NA,NA,NA,NA,P3L30,0
NA,NA,-86.821051598,33.5550274771,NA,NA,NA,NA,NA,NA,NA,NA,TRUE,P3,31,NA,AMLD,3,3,NA,NA,NA,NA,NA,P3L31,4
NA,NA,-86.8208138086,33.554619022,NA,NA,NA,NA,NA,NA,NA,NA,TRUE,P3,32,NA,AMLD,3,3,NA,NA,NA,NA,NA,P3L32,8
NA,NA,-86.81999574,33.5566381089,NA,NA,NA,NA,NA,NA,NA,NA,TRUE,P3,33,NA,AMLD,3,3,NA,NA,NA,NA,NA,P3L33,14
NA,NA,-86.8156419774,33.5572399032,NA,NA,NA,NA,NA,NA,NA,NA,TRUE,P3,34,NA,AMLD,3,3,NA,NA,NA,NA,NA,P3L34,27
NA,NA,-86.8251106664,33.5568379615,NA,NA,NA,NA,NA,NA,NA,NA,TRUE,P3,35,NA,AMLD,3,3,NA,NA,NA,NA,NA,P3L35,35
NA,NA,-86.826210022,33.5559310913,NA,NA,NA,NA,NA,NA,NA,NA,TRUE,P3,36,NA,AMLD,3,3,NA,NA,NA,NA,NA,P3L36,36
0,Spire_comp4_audit1_1608544510.5,-86.81232700220173,33.54288601882541,TRUE,7,27.724995580842503,12.522904375,1.66139925,0.1,2020-12-21T02:55:10Z,POINT (-86.81232700220173 33.54288601882541),TRUE,P4,1,P4L1,AMLD,1,4,TRUE,NA,NA,NA,NA,P4L1,NA
1,Spire_comp4_audit1_1608544624.7,-86.81449621950105,33.54731602506933,TRUE,5,12.845054248558785,1.3723422916666663,0.4375570833333334,0.1,2020-12-21T02:57:04Z,POINT (-86.81449621950105 33.54731602506933),TRUE,P4,2,P4L2,AMLD,1,4,TRUE,NA,NA,NA,NA,P4L2,NA
2,Spire_comp4_audit1_1608545357.2,-86.8095771534938,33.543028492424156,TRUE,4,20.39211624787169,3.5640746875000007,0.4534600000000001,0.1,2020-12-21T03:09:17Z,POINT (-86.80957715349381 33.54302849242416),TRUE,P4,3,P4L3,AMLD,1,4,TRUE,NA,NA,NA,NA,P4L3,NA
3,Spire_comp4_audit1_1608545771.1,-86.81444451620233,33.540828300454024,TRUE,4,23.910116435715913,10.620435927083333,1.297624791666667,0.1,2020-12-21T03:16:11Z,POINT (-86.81444451620233 33.54082830045402),TRUE,P4,4,P4L4,AMLD,1,4,TRUE,NA,NA,NA,NA,P4L4,NA
4,Spire_comp4_audit1_1608545909.3,-86.81296809026388,33.54145136497865,TRUE,3,19.36673539303037,8.0869225,0.91591375,0.1,2020-12-21T03:18:29Z,POINT (-86.81296809026388 33.54145136497865),TRUE,P4,5,P4L5,AMLD,1,4,TRUE,NA,NA,NA,NA,P4L5,NA
5,Spire_comp4_audit1_1608545941.9,-86.81243087855877,33.54167682262127,TRUE,2,3.9112990243521786,11.6386875,1.0680650000000005,0.1,2020-12-21T03:19:01Z,POINT (-86.81243087855877 33.54167682262127),TRUE,P4,6,P4L6,AMLD,1,4,TRUE,NA,NA,NA,NA,P4L6,NA
6,Spire_comp4_audit1_1608545998.5,-86.81070450377695,33.543309980071356,TRUE,5,15.589335921262547,2.606894500000001,0.44806300000000016,0.1,2020-12-21T03:19:58Z,POINT (-86.81070450377695 33.54330998007136),TRUE,P4,7,P4L7,AMLD,1,4,TRUE,NA,NA,NA,NA,P4L7,NA
8,Spire_comp4_audit1_1608546341.7,-86.81725045848054,33.54054001126453,TRUE,4,5.1243172536693375,5.674702812500001,0.9058806250000002,0.1,2020-12-21T03:25:41Z,POINT (-86.81725045848054 33.54054001126453),TRUE,P4,8,P4L9,AMLD,1,4,TRUE,NA,NA,NA,NA,P4L8,NA
9,Spire_comp4_audit1_1608546446.5,-86.81865701916122,33.53986179459436,TRUE,3,11.756315551071935,2.7973466666666664,0.5805258333333333,0.1,2020-12-21T03:27:26Z,POINT (-86.81865701916122 33.53986179459436),TRUE,P4,9,P4L10,AMLD,1,4,TRUE,NA,NA,NA,NA,P4L9,NA
10,Spire_comp4_audit1_1608546703.5,-86.81358388014566,33.54340297754232,TRUE,3,8.920942080359199,2.0631543750000008,0.4688712500000001,0.1,2020-12-21T03:31:43Z,POINT (-86.81358388014566 33.54340297754232),TRUE,P4,10,P4L11,AMLD,1,4,TRUE,NA,NA,NA,NA,P4L10,NA
11,Spire_comp4_audit1_1608546739.9,-86.81552176835335,33.54231458517344,TRUE,4,27.644664891208592,4.398917750000002,0.7169816250000001,0.1,2020-12-21T03:32:19Z,POINT (-86.81552176835335 33.54231458517344),TRUE,P4,11,P4L12,AMLD,1,4,TRUE,NA,NA,NA,NA,P4L11,NA
12,Spire_comp4_audit1_1608546998.4,-86.8162099463519,33.543596418548326,TRUE,3,2.0101253422283705,1.256005833333333,0.4960691666666666,0.1,2020-12-21T03:36:38Z,POINT (-86.8162099463519 33.54359641854833),TRUE,P4,12,P4L13,AMLD,1,4,TRUE,NA,NA,NA,NA,P4L12,NA
13,Spire_comp4_audit1_1608547344.6,-86.817065978050465,33.54603639636292,TRUE,6,12.898555106074364,7.256639499999999,1.0498482499999997,0.1,2020-12-21T03:42:24Z,POINT (-86.81706597805046 33.54603639636292),TRUE,P4,13,P4L14,AMLD,1,4,TRUE,NA,NA,NA,NA,P4L13,NA
14,Spire_comp4_audit1_1608547354.9,-86.8173618041449,33.546976986558796,TRUE,7,26.024091327853995,3.017921785714285,0.5412622321428572,0.1,2020-12-21T03:42:34Z,POINT (-86.81736180414489 33.5469769865588),TRUE,P4,14,P4L15,AMLD,1,4,TRUE,NA,NA,NA,NA,P4L14,NA
15,Spire_comp4_audit1_1608547855.3,-86.81966322201569,33.54785822670794,TRUE,4,24.41876481613009,6.9716620833333325,1.0071783333333328,0.1,2020-12-21T03:50:55Z,POINT (-86.81966322201569 33.54785822670794),TRUE,P4,15,P4L16,AMLD,1,4,TRUE,NA,NA,NA,NA,P4L15,NA
16,Spire_comp4_audit1_1608547975.4,-86.81846732291235,33.54508666098438,TRUE,2,4.070134495621696,0.4846587500000021,0.47850875,0.1,2020-12-21T03:52:55Z,POINT (-86.81846732291235 33.54508666098438),TRUE,P4,16,P4L17,AMLD,1,4,TRUE,NA,NA,NA,NA,P4L16,NA
17,Spire_comp4_audit1_1608548039.2,-86.81427716699255,33.53750105510668,TRUE,5,25.778368443171374,10.965234583333334,1.714370625,0.1,2020-12-21T03:53:59Z,POINT (-86.81427716699255 33.53750105510668),TRUE,P4,17,P4L18,AMLD,1,4,TRUE,NA,NA,NA,NA,P4L17,NA
19,Spire_comp4_audit1_1608548794.4,-86.81886547322262,33.54671551002565,TRUE,7,35.14721617369534,6.6905138750000015,1.0682060000000004,0.1,2020-12-21T04:06:34Z,POINT (-86.81886547322262 33.54671551002565),TRUE,P4,18,P4L20,AMLD,1,4,TRUE,NA,NA,NA,NA,P4L18,NA
20,Spire_comp4_audit1_1608548891.7,-86.82558260200578,33.54466279258779,TRUE,2,0.9471819328299064,0.9741799999999992,0.4669868750000001,0.1,2020-12-21T04:08:11Z,POINT (-86.82558260200578 33.54466279258779),TRUE,P4,19,P4L21,AMLD,1,4,TRUE,NA,NA,NA,NA,P4L19,NA
21,Spire_comp4_audit1_1608548974.8,-86.82054177936298,33.54616662664173,TRUE,4,19.55360803143945,17.931720249999994,3.2199940000000007,0.1,2020-12-21T04:09:34Z,POINT (-86.82054177936298 33.54616662664173),TRUE,P4,20,P4L22,AMLD,1,4,TRUE,NA,NA,NA,NA,P4L20,NA
22,Spire_comp4_audit1_1608549632.4,-86.82241948194931,33.542960655492145,TRUE,2,2.234615980239189,0.2187950000000005,0.4290268749999999,0.1,2020-12-21T04:20:32Z,POINT (-86.82241948194931 33.54296065549214),TRUE,P4,21,P4L23,AMLD,1,4,TRUE,NA,NA,NA,NA,P4L21,NA
23,Spire_comp4_audit1_1608549957.1,-86.8208384863573,33.54309586865645,TRUE,3,9.58323385898606,2.391053125,0.4968334374999999,0.1,2020-12-21T04:25:57Z,POINT (-86.8208384863573 33.54309586865645),TRUE,P4,22,P4L24,AMLD,1,4,TRUE,NA,NA,NA,NA,P4L22,NA
24,Spire_comp4_audit1_1608552404.2,-86.82474939970136,33.544881168191765,TRUE,3,15.696208871744798,1.5885741666666655,0.3237866666666666,0.1,2020-12-21T05:06:44Z,POINT (-86.82474939970136 33.54488116819176),TRUE,P4,23,P4L25,AMLD,1,4,TRUE,NA,NA,NA,NA,P4L23,NA
25,Spire_comp4_audit1_1608552881.5,-86.81785101759606,33.53926467346827,TRUE,3,20.78090091655564,6.535826874999999,0.7174131250000001,0.1,2020-12-21T05:14:41Z,POINT (-86.81785101759606 33.53926467346827),TRUE,P4,24,P4L26,AMLD,1,4,TRUE,NA,NA,NA,NA,P4L24,NA
26,Spire_comp4_audit1_1608553231.3,-86.82299898674015,33.53356530099946,TRUE,2,15.75286122714208,6.23629875,0.8778128125,0.1,2020-12-21T05:20:31Z,POINT (-86.82299898674015 33.53356530099946),TRUE,P4,25,P4L27,AMLD,1,4,TRUE,NA,NA,NA,NA,P4L25,NA
37,Spire_comp4_audit1_1608639920.2,-86.81073153276877,33.54135337171914,TRUE,2,31.113724109034468,4.283535625000002,1.2435049999999999,0.1,2020-12-22T05:25:20Z,POINT (-86.81073153276877 33.54135337171914),TRUE,P4,26,P4L38,AMLD,1,4,TRUE,NA,NA,NA,NA,P4L26,NA
10,Spire_comp4_audit4_1608546978.0,-86.81515710043577,33.54182505593465,TRUE,2,14.231984624941347,1.1575325,1.0049550000000005,0.17,2020-12-21T03:36:18Z,POINT (-86.81515710043577 33.54182505593465),TRUE,P4,27,NA,AMLD,4,4,TRUE,P4L11,NA,NA,NA,P4L27,NA
13,Spire_comp4_audit4_1608547354.9,-86.8173511461128,33.546512732299,TRUE,2,26.024091327853995,2.714274999999999,0.5872425000000001,0.17,2020-12-21T03:42:34Z,POINT (-86.8173511461128 33.546512732299),TRUE,P4,28,NA,AMLD,4,4,TRUE,P4L14,NA,NA,NA,P4L28,NA
14,Spire_comp4_audit4_1608547421.4,-86.8176579840049,33.547100587308634,TRUE,6,16.681496013637155,1.795827857142857,0.8114549999999997,0.17,2020-12-21T03:43:41Z,POINT (-86.8176579840049 33.54710058730863),TRUE,P4,29,NA,AMLD,4,4,TRUE,P4L15,NA,NA,NA,P4L29,NA
20,Spire_comp4_audit4_1608548514.9,-86.8167157414605,33.54650425691599,TRUE,2,15.306057824570706,3.5123500000000005,0.6806349999999999,0.17,2020-12-21T04:01:54Z,POINT (-86.8167157414605 33.54650425691599),TRUE,P4,30,NA,AMLD,4,4,TRUE,P4L21,NA,NA,NA,P4L30,NA
21,Spire_comp4_audit4_1608548794.4,-86.81840464519085,33.54686894735694,TRUE,3,6.707340372764616,1.378175416666667,0.98088,0.17,2020-12-21T04:06:34Z,POINT (-86.81840464519085 33.54686894735694),TRUE,P4,31,NA,AMLD,4,4,TRUE,P4L22,NA,NA,NA,P4L31,NA
12,Spire_comp4_audit2_1608546376.6,-86.81940431045727,33.53865988238693,TRUE,3,6.672092291947853,3.31429525,0.3974865,0.05,2020-12-21T03:26:16Z,POINT (-86.81940431045727 33.53865988238693),TRUE,P4,32,NA,AMLD,2,4,TRUE,NA,P4L13,NA,NA,P4L32,NA
16,Spire_comp4_audit2_1608547373.3,-86.81819547864977,33.54842925201766,TRUE,2,7.505505227960957,1.8583875,0.2352337499999993,0.05,2020-12-21T03:42:53Z,POINT (-86.81819547864977 33.54842925201766),TRUE,P4,33,NA,AMLD,2,4,TRUE,NA,P4L17,NA,NA,P4L33,NA
20,Spire_comp4_audit2_1608547576.4,-86.81344056644586,33.53936367669068,TRUE,2,32.371123717410576,7.490897500000001,0.7925293750000001,0.05,2020-12-21T03:46:16Z,POINT (-86.81344056644586 33.53936367669068),TRUE,P4,34,NA,AMLD,2,4,TRUE,NA,P4L21,NA,NA,P4L34,NA
21,Spire_comp4_audit2_1608547719.9,-86.81260681149998,33.5408058167,TRUE,3,0,-0.8498900000000003,0.12260999999999987,0.05,2020-12-21T03:48:39Z,POINT (-86.81260681149998 33.5408058167),TRUE,P4,35,NA,AMLD,2,4,TRUE,NA,P4L22,NA,NA,P4L35,NA
28,Spire_comp4_audit2_1608548969.6,-86.82008562529201,33.54631471151233,TRUE,8,26.830110885406718,9.75539714285714,1.595088571428572,0.05,2020-12-21T04:09:29Z,POINT (-86.82008562529201 33.54631471151233),TRUE,P4,36,NA,AMLD,2,4,TRUE,NA,P4L29,NA,NA,P4L36,NA
31,Spire_comp4_audit2_1608551884.8,-86.8257930054401,33.543891138235196,TRUE,4,5.545913592481687,0.2772089583333337,0.1863089583333334,0.05,2020-12-21T04:58:04Z,POINT (-86.8257930054401 33.5438911382352),TRUE,P4,37,NA,AMLD,2,4,TRUE,NA,P4L32,NA,NA,P4L37,NA
32,Spire_comp4_audit2_1608551960.5,-86.82645554189857,33.54495151805563,TRUE,4,20.736368236519247,2.9017820000000003,0.3189207500000001,0.05,2020-12-21T04:59:20Z,POINT (-86.82645554189857 33.54495151805563),TRUE,P4,38,NA,AMLD,2,4,TRUE,NA,P4L33,NA,NA,P4L38,NA
36,Spire_comp4_audit2_1608554514.9,-86.81672390701388,33.53825988408198,TRUE,2,6.863589862364434,0.21939000000000108,0.15629125,0.05,2020-12-21T05:41:54Z,POINT (-86.81672390701388 33.53825988408198),TRUE,P4,39,NA,AMLD,2,4,TRUE,NA,P4L37,NA,NA,P4L39,NA
41,Spire_comp4_audit2_1608633230.6,-86.82285490889255,33.543996810539824,TRUE,2,13.994103461977847,5.546142187499997,0.4863431249999998,0.05,2020-12-22T03:33:50Z,POINT (-86.82285490889255 33.54399681053982),TRUE,P4,40,NA,AMLD,2,4,TRUE,NA,P4L42,NA,NA,P4L40,NA
48,Spire_comp4_audit2_1608639381.4,-86.80930148274099,33.541909069203896,TRUE,3,2.7324057981412957,0.8941158333333336,0.14865416666666662,0.05,2020-12-22T05:16:21Z,POINT (-86.80930148274099 33.5419090692039),TRUE,P4,41,NA,AMLD,2,4,TRUE,NA,P4L49,NA,NA,P4L41,NA
33,Spire_comp4_audit1_1608633231.7,-86.8228873878124,33.54403401849318,FALSE,1,12.548404447954864,15.704324999999995,1.3492399999999996,0.1,2020-12-22T03:33:51Z,POINT (-86.8228873878124 33.54403401849318),TRUE,P4,42,P4L34,AMLD,1,4,FALSE,NA,NA,NA,NA,P4L42,NA
28,Spire_comp4_audit1_1608631710.7,-86.81589105763001,33.540325681302946,FALSE,1,2.178083717272866,1.5468124999999997,0.4367006250000001,0.1,2020-12-22T03:08:30Z,POINT (-86.81589105763001 33.54032568130295),TRUE,P4,43,P4L29,AMLD,1,4,FALSE,NA,NA,NA,NA,P4L43,NA
31,Spire_comp4_audit1_1608632159.2,-86.81890172437815,33.54793001973525,FALSE,1,13.286170602426465,6.7327499999999985,0.5896800000000013,0.1,2020-12-22T03:15:59Z,POINT (-86.81890172437815 33.54793001973525),TRUE,P4,44,P4L32,AMLD,1,4,FALSE,NA,NA,NA,NA,P4L44,NA
7,Spire_comp4_audit1_1608546334.6,-86.8165041781283,33.540920884613875,FALSE,1,1.8636470537585872,0.08463249999999968,0.3636262499999998,0.1,2020-12-21T03:25:34Z,POINT (-86.8165041781283 33.54092088461388),TRUE,P4,45,P4L8,AMLD,1,4,FALSE,NA,NA,NA,NA,P4L45,NA
18,Spire_comp4_audit1_1608548191.3,-86.82001905682907,33.543213532728856,FALSE,1,29.516392882890763,0.3117774999999998,1.6224062499999996,0.1,2020-12-21T03:56:31Z,POINT (-86.82001905682907 33.54321353272886),TRUE,P4,46,P4L19,AMLD,1,4,FALSE,NA,NA,NA,NA,P4L46,NA
NA,NA,-86.810709,33.542479,NA,NA,NA,NA,NA,NA,NA,NA,TRUE,P4,47,NA,Tech,NA,4,NA,NA,NA,121,69,P4L47,NA
NA,NA,-86.81569,33.542531,NA,NA,NA,NA,NA,NA,NA,NA,TRUE,P4,48,NA,Tech,NA,4,NA,NA,NA,122,127,P4L48,NA
NA,NA,-86.815034,33.542635,NA,NA,NA,NA,NA,NA,NA,NA,TRUE,P4,49,NA,Tech,NA,4,NA,NA,NA,123,122,P4L49,NA
NA,NA,-86.825114,33.544803,NA,NA,NA,NA,NA,NA,NA,NA,TRUE,P4,50,NA,Tech,NA,4,NA,NA,NA,134,23,P4L50,NA
NA,NA,-86.813788,33.54751,NA,NA,NA,NA,NA,NA,NA,NA,TRUE,P4,51,NA,Tech,NA,4,NA,NA,NA,150,100,P4L51,NA
