OP_NUM,OP_EPOCHSTART,OB_EPOCH,OB_DATETIME,OB_CH4,OB_LON,OB_LAT,OB_CH4_BASELINE,OB_CH4_THRESHOLD,OP_PEAK_DIST_M,OP_PEAK_CH4,OB_TCH4,OB_C2H6,OB_C2C1,OB_R,OB_C2H6_BASELINE,OB_PERIOD5MIN,ODOMETER,OB_U_AVG,OB_V_AVG,OB_W_AVG,OB_R_AVG,OB_THETA_AVG,OP_DISTANCE,Frequency,minElevated,OB_CH4_AB,OB_C2H6_AB
Spire_filter_1606993345.5,1606993345.5,1606993345.5,20201203110225,1.88217,-86.82180786129999,33.5530433655,1.62965,1.7111325000000002,0.0,0.0,1.88217,4.25995,0.000930253,0.739923,7.440609999999999,8566444,9.97894456206241,0.739923,-22.374820096852112,-11.005939439279704,1.5460000000000007,24.935181517438163,0.0,1,1,0.25251999999999986,-3.1806599999999987
Spire_filter_1606993436.9,1606993436.9,1606993436.9,20201203110356,1.90044,-86.81907653809998,33.5458526611,1.7153325,1.801099125,0.0,0.0,1.90044,4.46631,-1.0,0.432239,3.1230525,8566447,15.230915288796053,0.432239,-13.811296278704386,-8.669778286634301,1.0300000000000016,16.306960490463855,10.209376426801509,2,1,0.18510749999999998,1.3432575
Spire_filter_1606993436.9,1606993436.9,1606993438.1,20201203110358,2.13899,-86.8191299438,33.545845031700004,1.6125250000000002,1.69315125,5.021538861994544,2.643664456979957,2.13899,5.07908,-1.0,0.38015,7.404079999999999,8566447,5.021538861994544,0.38015,-13.18423071991708,-8.530594204231997,0.9870000000000017,15.703342865558332,10.209376426801509,2,1,0.526465,-2.3249999999999984
Spire_filter_1606993848.6,1606993848.6,1606993848.6,20201203111048,1.73986,-86.82081604,33.558418273899996,1.62391,1.7051055,0.0,0.0,1.73986,7.6090399999999985,0.00209955,0.7739090000000001,6.961130000000002,8566461,9.156668840420448,0.7739090000000001,-6.767415325590331,10.139670912283183,0.7593333333333335,12.19060443121819,0.0,1,1,0.11595,0.6479099999999969
Spire_filter_1606994059.7,1606994059.7,1606994059.7,20201203111419,1.8725,-86.8221511841,33.5577011108,1.61904,1.6999919999999997,0.0,0.0,1.8725,12.0166,0.00341053,0.929522,7.312200000000002,8566468,16.28399080429628,0.929522,-8.362044592083986,3.6244094939689444,0.6586666666666663,9.113733260304103,0.0,1,1,0.25346,4.704399999999999
Spire_filter_1606994223.8,1606994223.8,1606994223.8,20201203111703,1.7809700000000002,-86.8185043335,33.5489578247,1.62399,1.7051895,0.0,0.0,1.7809700000000002,2.2154700000000003,0.00379828,0.714234,7.067564999999999,8566474,13.816785232889464,0.714234,-12.534361468738075,-7.1285937798371934,0.802666666666667,14.419676373168686,0.0,1,1,0.15698000000000012,-4.8520949999999985
Spire_filter_1606995240.6,1606995240.6,1606995240.6,20201203113400,1.97874,-86.8158721924,33.5507698059,1.61138,1.691949,0.0,0.0,1.97874,8.661010000000001,0.00220237,0.848613,6.815410000000001,8566508,11.028680970661506,0.848613,9.227037309390246,4.86607683425016,0.6413333333333312,10.43153494293652,0.0,1,1,0.3673599999999999,1.8456000000000001
Spire_filter_1606995311.4,1606995311.4,1606995311.4,20201203113511,1.82693,-86.81658172610001,33.5524368286,1.66547,1.7487435000000002,0.0,0.0,1.82693,8.065339999999999,0.00183388,0.72477,4.46631,8566510,11.581245924526426,0.72477,3.8869337793731,2.0811913284941994,0.3706666666666644,4.409037485782028,0.0,1,1,0.16145999999999994,3.599029999999999
Spire_filter_1606995418.9,1606995418.9,1606995418.9,20201203113658,1.73837,-86.8197021484,33.5596504211,1.6150625,1.695815625,0.0,0.0,1.73837,7.44872,-1.0,0.578098,6.2981675,8566513,20.61112098679301,0.578098,-1.2882086177002443,-1.1229312510020228,0.5916666666666643,1.7089341816448471,0.0,1,1,0.1233074999999999,1.1505524999999999
Spire_filter_1606995805.4,1606995805.4,1606995805.4,20201203114325,1.9154,-86.81502532959999,33.5525512695,1.54325,1.6204125,0.0,0.0,1.9154,11.3896,0.00316085,0.973921,9.210215000000002,8566526,8.942438932515794,0.973921,-10.48692627155328,-5.343466318466034,0.7513333333333311,11.769802671309971,9.178453468943678,4,1,0.37215,2.179384999999998
Spire_filter_1606995805.4,1606995805.4,1606995808.4,20201203114328,1.79591,-86.81497192379999,33.5524253845,1.54325,1.6204125,14.846889898362708,3.75121520172032,1.79591,10.7128,0.00318587,0.974611,9.210215000000002,8566526,13.01195149373673,0.974611,-11.520854052570796,-5.938386509321218,0.8033333333333309,12.961269707660787,9.178453468943678,4,1,0.2526599999999999,1.502584999999998
Spire_filter_1606995805.4,1606995805.4,1606995809.5,20201203114329,1.7657599999999998,-86.8149490356,33.5523643494,1.54613,1.6234365,21.957388775247,5.312894070050414,1.7657599999999998,10.6222,0.00318697,0.97805,9.233172500000002,8566526,15.649276603597105,0.97805,-11.941119685079846,-6.209496034583991,0.8363333333333309,13.459129999257595,9.178453468943678,4,1,0.21962999999999977,1.3890274999999974
Spire_filter_1606995805.4,1606995805.4,1606995810.5,20201203114330,1.7368599999999998,-86.8149185181,33.5522918701,1.54901,1.6264604999999999,30.49848527186478,6.9173390469400635,1.7368599999999998,10.3342,0.00318348,0.980801,9.25613,8566526,18.12089240145947,0.980801,-12.357347079774748,-6.4178107259924815,0.8669999999999977,13.92452230292593,9.178453468943678,4,1,0.18784999999999985,1.0780699999999985
Spire_filter_1606995833.5,1606995833.5,1606995833.5,20201203114353,1.91742,-86.81446838379999,33.5513534546,1.5447425,1.6219796250000005,0.0,0.0,1.91742,11.0936,0.00298084,0.961066,9.1872575,8566527,3.297961669864893,0.961066,-9.349145452977616,-4.94545250796361,0.6459999999999978,10.57657889912686,1.0023088848987807,2,1,0.3726775,1.906342500000001
Spire_filter_1606995833.5,1606995833.5,1606995834.7,20201203114354,1.8824,-86.81446838379999,33.5513534546,1.546165,1.62347325,0.0,0.0,1.8824,10.4315,0.00303013,0.965817,9.210215000000002,8566527,4.3002705547636735,0.965817,-8.931740963059934,-4.5308076419544525,0.6416666666666644,10.015199175233397,1.0023088848987807,2,1,0.33623500000000006,1.2212849999999982
Spire_filter_1606995849.4,1606995849.4,1606995849.4,20201203114409,1.92108,-86.814743042,33.5520362854,1.5520825,1.629686625,0.0,0.0,1.92108,10.3221,0.00331874,0.985152,9.309415,8566528,20.120502276433005,0.985152,0.1870511670225706,0.5577775222095961,0.4919999999999978,0.5883059606758901,0.802942491881538,2,1,0.36899749999999987,1.0126850000000012
Spire_filter_1606995849.4,1606995849.4,1606995850.4,20201203114410,1.88725,-86.814781189,33.552120208699996,1.5551549999999998,1.63291275,9.978958716818514,3.3139622950618453,1.88725,10.5571,0.00330095,0.985517,9.3627,8566528,19.317559784551467,0.985517,0.7916132535708719,0.8696003136437018,0.4946666666666644,1.1759490842371898,0.802942491881538,2,1,0.33209500000000025,1.1944
Spire_filter_1606995860.7,1606995860.7,1606995860.7,20201203114420,1.65947,-86.81497192379999,33.552577972399995,1.5724425,1.651064625,0.0,0.0,1.65947,10.2386,0.00325035,0.978198,9.494575,8566528,4.0710294008122005,0.978198,5.449091810289552,3.5401223849606605,0.4466666666666645,6.4980818752508975,0.0,1,1,0.08702750000000004,0.7440250000000006
Spire_filter_1606995882.2,1606995882.2,1606995882.2,20201203114442,1.93856,-86.8154220581,33.5536499023,1.6194,1.7003700000000002,0.0,0.0,1.93856,11.0444,0.00355796,0.946781,9.545185,8566529,14.447642794617815,0.946781,7.074977660433401,3.81114598993644,0.4849999999999978,8.036177116778866,7.105279849962349,5,1,0.3191600000000001,1.4992149999999995
Spire_filter_1606995882.2,1606995882.2,1606995883.2,20201203114443,1.92773,-86.8154525757,33.5537185669,1.62391,1.7051055,8.14204628846381,2.473716503361074,1.92773,11.5271,0.00356964,0.952572,9.57049,8566529,17.482972433952888,0.952572,7.1536947756459766,3.867495123463313,0.4949999999999978,8.132211720873789,7.105279849962349,5,1,0.30382,1.9566100000000013
Spire_filter_1606995882.2,1606995882.2,1606995884.2,20201203114444,1.91056,-86.8154830933,33.553798675500005,1.62391,1.7051055,17.487841746411927,5.1526887713819,1.91056,11.4315,0.00359091,0.958442,9.57049,8566529,19.718518571472842,0.958442,7.402271907253659,3.998600444864994,0.5049999999999979,8.413229754772614,7.105279849962349,5,1,0.28665000000000007,1.8610100000000003
Spire_filter_1606995882.2,1606995882.2,1606995885.2,20201203114445,1.87969,-86.8155212402,33.553886413600004,1.6194,1.7003700000000002,27.86453963262609,7.853639464184588,1.87969,11.1157,0.00360399,0.960723,9.545185,8566529,21.152684591954035,0.960723,7.737992533535912,4.192264553351884,0.5369999999999978,8.800659664726743,7.105279849962349,5,1,0.26029000000000013,1.5705150000000003
Spire_filter_1606995882.2,1606995882.2,1606995886.3,20201203114446,1.83904,-86.8155593872,33.5539779663,1.6194,1.7003700000000002,38.641001569351346,10.220581563966924,1.83904,10.3667,0.0036119,0.961345,9.545185,8566529,21.552922644580164,0.961345,8.059289687477605,4.382253430794025,0.5453333333333312,9.173674040338957,7.105279849962349,5,1,0.21964000000000006,0.8215149999999998
Spire_filter_1606995897.5,1606995897.5,1606995897.5,20201203114457,1.92665,-86.815788269,33.5545349121,1.65284,1.7354819999999995,0.0,0.0,1.92665,10.5367,0.00323299,0.903545,9.612555,8566529,5.282844325271523,0.903545,7.61906959243058,4.115286738366787,0.5016666666666645,8.659434530803834,13.634659244132635,7,1,0.2738099999999999,0.9241449999999993
Spire_filter_1606995897.5,1606995897.5,1606995898.5,20201203114458,1.90711,-86.8158035278,33.5545654297,1.6808125,1.764853125,3.676203191107661,0.8319155916396851,1.90711,10.9708,0.00314409,0.915376,9.641485,8566529,8.541075253149911,0.915376,7.444500609916999,4.022153578974675,0.4923333333333311,8.461578383724477,13.634659244132635,7,1,0.22629750000000004,1.3293150000000011
Spire_filter_1606995897.5,1606995897.5,1606995899.6,20201203114459,1.8836,-86.8158187866,33.5546073914,1.7448400000000002,1.832082,8.551669798033782,1.5084353380167528,1.8836,9.8315,0.00312218,0.923156,9.66973,8566529,11.581208177689373,0.923156,7.26358278542271,3.9577055354192874,0.4799999999999978,8.271823740009069,13.634659244132635,7,1,0.13875999999999977,0.16177000000000064
Spire_filter_1606995897.5,1606995897.5,1606995900.6,20201203114500,1.84377,-86.8158416748,33.5546646118,1.7234975,1.809672375,15.25848017463549,2.315080189036582,1.84377,9.69015,0.00307018,0.936069,9.660315,8566529,14.049859970270536,0.936069,7.1880448301053725,3.9169108113391817,0.4686666666666645,8.185974516426883,13.634659244132635,7,1,0.1202725,0.0298349999999985
Spire_filter_1606995897.5,1606995897.5,1606995901.6,20201203114501,1.81128,-86.8158721924,33.554725647,1.7021549999999999,1.78726275,22.610884731879874,3.1174113363458744,1.81128,9.84427,0.00297429,0.957882,9.6509,8566529,15.886973077014966,0.957882,7.230778523711896,3.9236408911946428,0.4683333333333311,8.226731787412781,13.634659244132635,7,1,0.10912500000000014,0.19336999999999982
Spire_filter_1606995897.5,1606995897.5,1606995902.6,20201203114502,1.79794,-86.81590271,33.5547981262,1.7021549999999999,1.78726275,31.15194742592663,3.9355170264951433,1.79794,9.59304,0.00291482,0.969073,9.6509,8566529,17.482946651257688,0.969073,7.362809501309255,3.990521928358912,0.4759999999999978,8.374677845343259,13.634659244132635,7,1,0.09578500000000023,-0.0578599999999998
Spire_filter_1606995897.5,1606995897.5,1606995903.7,20201203114503,1.80912,-86.8159332275,33.5548744202,1.7021549999999999,1.78726275,40.094370322922074,4.892043291672262,1.80912,9.63207,0.00289998,0.970403,9.6509,8566529,18.917503569404158,0.970403,7.6591585545096175,4.147428478315969,0.4999999999999978,8.709986954402638,13.634659244132635,7,1,0.1069650000000002,-0.01882999999999946
Spire_filter_1606995913.9,1606995913.9,1606995913.9,20201203114513,1.96873,-86.8162002563,33.5555000305,1.8007349999999998,1.89077175,0.0,0.0,1.96873,10.624,0.00262812,0.967095,9.602797500000001,8566530,3.0522320768304687,0.967095,7.8128934731180815,4.217913096248574,0.5426666666666647,8.878744016458429,2.855861747134228,3,1,0.16799500000000034,1.0212024999999993
Spire_filter_1606995913.9,1606995913.9,1606995914.9,20201203114514,1.93448,-86.8162078857,33.555519104,1.8007349999999998,1.89077175,2.235604714217956,0.29900095250308045,1.93448,10.5208,0.00267168,0.970976,9.602797500000001,8566530,5.9080938239646965,0.970976,7.4875092332105435,4.041841669028995,0.5366666666666647,8.508776562756376,2.855861747134228,3,1,0.13374500000000022,0.9180024999999983
Spire_filter_1606995913.9,1606995913.9,1606995917.2,20201203114517,1.92346,-86.81622314450001,33.5555496216,1.7846650000000002,1.87389825,5.911801710466612,0.8092387145974127,1.92346,10.9373,0.00267863,0.970173,9.5747175,8566530,5.125347159730628,0.970173,7.126775852945843,3.8058429383071517,0.5163333333333313,8.07931770195939,2.855861747134228,3,1,0.13879499999999978,1.3625825000000003
Spire_filter_1606995931.3,1606995931.3,1606995931.3,20201203114531,1.96512,-86.8166275024,33.5564956665,1.8199425,1.910939625,0.0,0.0,1.96512,10.9252,0.00251254,0.979828,9.6309175,8566531,3.052230198187058,0.979828,8.263681748948825,4.566399782736191,0.694999999999998,9.441421663271006,6.138236055164608,3,1,0.14517749999999996,1.2942824999999996
Spire_filter_1606995931.3,1606995931.3,1606995932.3,20201203114532,1.95243,-86.8166351318,33.5565109253,1.830935,1.92248175,1.838095448171128,0.2233194064755506,1.95243,9.68433,0.00253828,0.978166,9.6582,8566531,5.51428619844943,0.978166,8.101220811476994,4.483446293270764,0.6896666666666645,9.259107370635213,6.138236055164608,3,1,0.12149500000000013,0.026129999999998432
Spire_filter_1606995931.3,1606995931.3,1606995933.4,20201203114533,1.96971,-86.81665039059997,33.5565414429,1.8268825,1.918226625,5.514286198449455,0.7483805408609281,1.96971,10.3118,0.00251956,0.978021,9.645135000000002,8566531,9.190466253351666,0.978021,7.956332229034455,4.3809581147190695,0.6816666666666646,9.082731777482763,6.138236055164608,3,1,0.1428275000000001,0.6666649999999983
Spire_filter_1606995966.1,1606995966.1,1606995966.1,20201203114606,1.98127,-86.8172302246,33.5578460693,1.88413,1.9783365000000002,0.0,0.0,1.98127,9.62746,0.00285403,0.978707,8.78266,8566532,22.191723863529162,0.978707,6.252953189280402,3.1230622992386765,0.5206666666666642,6.9894879434947095,10.137479543635607,8,1,0.09714,0.8447999999999993
Spire_filter_1606995966.1,1606995966.1,1606995967.1,20201203114607,2.02961,-86.81727600100002,33.5579414368,1.88413,1.9783365000000002,11.421258478934845,1.6615646835154416,2.02961,9.74251,0.00287927,0.97986,8.78266,8566532,24.028661197260128,0.97986,6.5271867541190565,3.2285457664017927,0.5433333333333309,7.282010346662397,10.137479543635607,8,1,0.14547999999999983,0.9598499999999994
Spire_filter_1606995966.1,1606995966.1,1606995968.2,20201203114608,2.06195,-86.8173217773,33.5580482483,1.8770200000000001,1.970871,24.032871519676746,3.993830283139841,2.06195,9.97982,0.00288558,0.97967,8.727780000000001,8566532,25.623088579023158,0.97967,6.7933770971063705,3.342470359959837,0.5606666666666642,7.571134689774013,10.137479543635607,8,1,0.18492999999999982,1.2520399999999992
Spire_filter_1606995966.1,1606995966.1,1606995969.2,20201203114609,2.0710900000000003,-86.81736755370001,33.558158874499995,1.8770200000000001,1.970871,37.044732024862455,6.519042051381239,2.0710900000000003,9.7627,0.00294338,0.983385,8.727780000000001,8566532,26.4250852002984,0.983385,7.0031905825013085,3.4416114751299336,0.5859999999999975,7.803163966019237,10.137479543635607,8,1,0.1940700000000002,1.0349199999999996
Spire_filter_1606995966.1,1606995966.1,1606995970.2,20201203114610,2.09401,-86.8174133301,33.5582733154,1.8770200000000001,1.970871,50.45830773185018,9.429653844040502,2.09401,10.1907,0.00290615,0.982334,8.727780000000001,8566532,27.22988549170004,0.982334,7.297930895854673,3.6109060100626804,0.6146666666666643,8.142385250906331,10.137479543635607,8,1,0.2169899999999998,1.4629199999999987
Spire_filter_1606995966.1,1606995966.1,1606995971.2,20201203114611,2.10239,-86.8174591064,33.558391571,1.8770200000000001,1.970871,64.27493835693122,12.54350788801502,2.10239,10.2671,0.00286472,0.981437,8.727780000000001,8566532,27.858431646708127,0.981437,7.600880179988143,3.7589651519713914,0.6399999999999976,8.47957537405452,10.137479543635607,8,1,0.22537000000000007,1.5393199999999982
Spire_filter_1606995966.1,1606995966.1,1606995972.3,20201203114612,2.1274900000000003,-86.8175125122,33.5585098267,1.8893775000000002,1.983846375,78.32473237156502,15.888939465324516,2.1274900000000003,10.5598,0.00281701,0.979697,8.61802,8566532,29.693560014735972,0.979697,8.084406523661652,3.984514302618933,0.6703333333333309,9.012989685315187,10.137479543635607,8,1,0.23811250000000017,1.9417799999999996
Spire_filter_1606995966.1,1606995966.1,1606995973.3,20201203114613,2.1562900000000003,-86.81756591799999,33.5586433411,1.8893775000000002,1.983846375,93.97389925579631,20.06589772131191,2.1562900000000003,10.1915,0.00281734,0.980056,8.61802,8566532,32.32920340716477,0.980056,8.681299289448159,4.282302632600025,0.7213333333333309,9.680034772155842,10.137479543635607,8,1,0.2669125000000001,1.57348
Spire_filter_1606996003.3,1606996003.3,1606996003.3,20201203114643,1.94176,-86.8183364868,33.5604095459,1.8363075,1.928122875,0.0,0.0,1.94176,8.985710000000003,0.00212133,0.916469,7.940060000000001,8566533,19.166685301078147,0.916469,6.8822157201492296,2.9299594110636926,1.0413333333333303,7.479943540505495,12.73754166751313,3,1,0.10545249999999995,1.045650000000002
Spire_filter_1606996003.3,1606996003.3,1606996004.6,20201203114644,1.93085,-86.8182907104,33.560325622600004,1.77888,1.8678240000000002,10.250586716955857,1.5577816633757813,1.93085,8.94012,0.00216848,0.924533,7.893960000000001,8566533,10.250586716955857,0.924533,5.288159053389751,2.180611495641385,1.0206666666666635,5.720112994414651,12.73754166751313,3,1,0.15196999999999994,1.0461599999999995
Spire_filter_1606996003.3,1606996003.3,1606996005.8,20201203114645,1.8891,-86.8182907104,33.560325622600004,1.7381625,1.825070625,10.250586716955857,1.5577816633757813,1.8891,8.563139999999999,0.0022335,0.934081,7.7684324999999985,8566533,22.988128384468986,0.934081,3.6163054102651477,1.3390759744192642,0.9883333333333304,3.8562662363457063,12.73754166751313,3,1,0.15093749999999995,0.7947075000000003
Spire_filter_1606996053.2,1606996053.2,1606996053.2,20201203114733,1.81871,-86.8171844482,33.5576400757,1.66297,1.7461185,0.0,0.0,1.81871,7.47618,0.00210912,0.7447229999999999,6.61924,8566535,1.696701146434105,0.7447229999999999,-0.8199562750869019,-0.3086264149107293,0.3736666666666635,0.8761156071175978,7.606168489681682,2,1,0.15574,0.8569400000000007
Spire_filter_1606996053.2,1606996053.2,1606996055.2,20201203114735,1.7355,-86.8171615601,33.557598114,1.6512749999999998,1.73383875,5.125322511953523,0.4316802885692866,1.7355,6.61698,0.00221072,0.8902450000000001,6.6181100000000015,8566535,9.302869636115787,0.8902450000000001,-0.5185077317855566,0.10408020295437254,0.3563333333333302,0.528850599478176,7.606168489681682,2,1,0.08422500000000022,-0.0011300000000016297
Spire_filter_1606996068.5,1606996068.5,1606996068.5,20201203114748,1.80979,-86.81594848629999,33.5578231812,1.66297,1.7461185,0.0,0.0,1.80979,6.23324,0.00201877,0.899383,6.61924,8566535,9.068881929942355,0.899383,-3.6926192091160894,5.8881318816420904,0.6219999999999971,6.950218246871327,9.848555954644302,4,1,0.14681999999999995,-0.38599999999999923
Spire_filter_1606996068.5,1606996068.5,1606996069.5,20201203114749,1.9215,-86.8159103394,33.557788848899996,1.66297,1.7461185,5.202735675370292,1.3450632541534808,1.9215,7.8060399999999985,0.00198315,0.8997729999999999,6.61924,8566535,11.276804003229644,0.8997729999999999,-4.404300831525225,5.570423697059198,0.6516666666666636,7.101231300227619,9.848555954644302,4,1,0.2585299999999999,1.186799999999999
Spire_filter_1606996068.5,1606996068.5,1606996070.6,20201203114750,2.02244,-86.81588745120001,33.5577354431,1.66297,1.7461185,11.508550911310772,3.611814657017005,2.02244,10.192,0.00187661,0.867585,6.61924,8566535,14.84678988138172,0.867585,-5.199339805471814,5.120829877358252,0.6906666666666637,7.297673125428996,9.848555954644302,4,1,0.35946999999999996,3.5727600000000006
Spire_filter_1606996068.5,1606996068.5,1606996071.6,20201203114751,1.92232,-86.8158569336,33.5576629639,1.66297,1.7461185,20.04958176743592,5.8269310095530615,1.92232,9.11942,0.00181522,0.855418,6.61924,8566535,18.917437884586658,0.855418,-5.945929031775289,4.710899153705379,0.7216666666666637,7.585950361509774,9.848555954644302,4,1,0.25934999999999997,2.5001800000000003
Spire_filter_1606996140.2,1606996140.2,1606996140.2,20201203114900,1.6577,-86.81365966799999,33.552532196,1.50592,1.5812160000000002,0.0,0.0,1.6577,3.89048,0.00180381,0.938699,3.3465300000000004,8566538,21.954114670891713,0.938699,-3.2022685045502945,-1.1292365613057365,0.8346666666666631,3.3955410153058647,6.1456648344813125,5,1,0.15178000000000003,0.5439499999999997
Spire_filter_1606996140.2,1606996140.2,1606996141.2,20201203114901,1.88842,-86.8136978149,33.552627563499996,1.50592,1.5812160000000002,11.178058551609272,4.275607395990545,1.88842,3.84924,0.00180462,0.943024,3.3465300000000004,8566538,22.988359810840336,0.943024,-2.027109884312742,-0.5038818996019129,0.8173333333333297,2.088796651621419,6.1456648344813125,5,1,0.38250000000000006,0.5027099999999995
Spire_filter_1606996140.2,1606996140.2,1606996144.3,20201203114904,1.7906799999999998,-86.813835144,33.5529289246,1.5118200000000002,1.587411,47.0229655764461,14.271318168936526,1.7906799999999998,3.6338,0.00171539,0.922595,3.10087,8566538,24.189677787462465,0.922595,1.4163618441584176,1.292927118171248,0.7896666666666632,1.9177438323432152,6.1456648344813125,5,1,0.27885999999999966,0.5329299999999999
Spire_filter_1606996140.2,1606996140.2,1606996145.3,20201203114905,1.7587099999999998,-86.81387329100002,33.5530319214,1.5120300000000002,1.5876315000000003,59.00882616332628,17.227990258508125,1.7587099999999998,3.42537,0.00171618,0.927229,2.9832775,8566538,24.59170124039969,0.927229,2.5018858605973144,1.921009084874112,0.7926666666666632,3.1543158947108703,6.1456648344813125,5,1,0.24667999999999957,0.4420925000000002
Spire_filter_1606996140.2,1606996140.2,1606996148.4,20201203114908,1.6601400000000002,-86.81401824950001,33.55336380000001,1.5122400000000005,1.5878520000000005,98.28081092569214,23.036316804862032,1.6601400000000002,3.3513900000000003,0.00168433,0.925385,2.93801,8566538,28.099779505373025,0.925385,5.639211483473363,3.5728466675914765,0.8766666666666632,6.675772574425928,6.1456648344813125,5,1,0.1478999999999997,0.4133800000000005
Spire_filter_1606996160.7,1606996160.7,1606996160.7,20201203114920,1.7243700000000002,-86.8146438599,33.5548744202,1.5139049999999998,1.5896002500000002,0.0,0.0,1.7243700000000002,2.93194,0.00115966,0.904436,2.85148,8566538,30.494831334574513,0.904436,16.15989321139767,8.5218516638311,1.1529999999999967,18.269211925644672,0.0,1,1,0.21046500000000035,0.08045999999999998
Spire_filter_1606996203.2,1606996203.2,1606996203.2,20201203115003,1.81249,-86.81518554690003,33.5581169128,1.6119750000000002,1.6925737500000002,0.0,0.0,1.81249,3.80332,0.00109833,0.7817029999999999,2.48722,8566540,7.270266628432123,0.7817029999999999,4.976683896271076,7.5678060379792775,0.7216666666666632,9.057542207016176,20.100369558889366,4,1,0.20051499999999978,1.3160999999999996
Spire_filter_1606996203.2,1606996203.2,1606996205.7,20201203115005,1.73442,-86.81511688229998,33.5581359863,1.6119750000000002,1.6925737500000002,6.706743095202283,0.8212071582920428,1.73442,2.5899400000000004,0.00103248,0.7391260000000001,2.48722,8566540,23.743917142377214,0.7391260000000001,3.2396938140007947,7.999502444105973,0.7223333333333298,8.630623115495919,20.100369558889366,4,1,0.12244499999999992,0.10272000000000014
Spire_filter_1606996203.2,1606996203.2,1606996206.9,20201203115006,1.7087900000000005,-86.8149414062,33.5581817627,1.6119750000000002,1.6925737500000002,23.744729064845533,2.470739769943055,1.7087900000000005,2.88341,0.00100727,0.756908,2.48722,8566540,27.370636187321487,0.756908,2.3499251897701248,8.385114328838144,0.7519999999999964,8.708173787034967,20.100369558889366,4,1,0.09681500000000032,0.3961899999999998
Spire_filter_1606996203.2,1606996203.2,1606996207.1,20201203115007,1.83855,-86.81483459469999,33.558208465599996,1.6119750000000002,1.6925737500000002,34.07783636875387,4.811963557326086,1.83855,4.02295,0.000915192,0.744937,2.48722,8566540,21.595721859739555,0.744937,1.5383444778776203,8.902631433986189,0.7693333333333298,9.034564194360211,20.100369558889366,4,1,0.22657499999999975,1.5357299999999996
Spire_filter_1606996216.3,1606996216.3,1606996216.3,20201203115016,1.84847,-86.8135528564,33.5585823059,1.60579,1.6860794999999997,0.0,0.0,1.84847,1.93871,0.00122942,0.734371,0.989733,8566540,30.05456195910383,0.734371,-5.04841704822223,14.605020072941507,1.17033333333333,15.452932602707007,0.1410331530461697,2,1,0.24268,0.948977
Spire_filter_1606996216.3,1606996216.3,1606996217.3,20201203115017,1.79745,-86.8134002686,33.5586280823,1.60579,1.6860794999999997,15.027273094165187,2.880127161227699,1.79745,2.52374,0.00125133,0.749134,0.989733,8566540,29.91352880605766,0.749134,-5.614656825799348,15.269291988967046,1.2183333333333302,16.26885518762241,0.1410331530461697,2,1,0.19165999999999994,1.5340070000000001
Spire_filter_1606996261.3,1606996261.3,1606996261.3,20201203115101,1.72377,-86.8115463257,33.5570831299,1.624135,1.70534175,0.0,0.0,1.72377,1.15626,-1.0,0.289903,0.382075,8566542,20.404563624438996,0.289903,-11.9803964169967,-8.799666062729134,1.2443333333333295,14.864858597508901,0.0,1,1,0.09963499999999992,0.7741850000000001
Spire_filter_1606996284.9,1606996284.9,1606996284.9,20201203115124,4.12073,-86.8092651367,33.5568809509,1.606305,1.6866202499999998,0.0,0.0,4.12073,27.3127,0.00488776,0.770296,0.346293,8566542,2.6414170148599694,0.770296,-13.553354397976484,5.543341434585843,1.1433333333333295,14.643157094614013,14.34684062747044,4,1,2.514425,26.966407
Spire_filter_1606996284.9,1606996284.9,1606996289.4,20201203115129,5.1896900000000015,-86.80933380129999,33.5569534302,1.606305,1.6866202499999998,10.268214392285296,36.794965430099246,5.1896900000000015,42.6925,0.00723655,0.902385,0.346293,8566542,14.196373570366992,0.902385,-10.721060055400367,7.699572649080386,0.9746666666666628,13.199414672248466,14.34684062747044,4,1,3.5833850000000016,42.346207
Spire_filter_1606996284.9,1606996284.9,1606996290.6,20201203115130,5.31965,-86.8094406128,33.5569572449,1.606305,1.6866202499999998,20.17475436645508,73.58136611048275,5.31965,44.8125,0.00733555,0.880553,0.346293,8566542,16.98825764233041,0.880553,-9.785957231000163,7.736093189226478,0.9586666666666628,12.474457774162396,14.34684062747044,4,1,3.7133450000000003,44.466207
Spire_filter_1606996284.9,1606996284.9,1606996291.8,20201203115131,4.82065,-86.8095169067,33.5569610596,1.549045,1.62649725,27.257075698265034,96.75192399123884,4.82065,39.783,0.00732805,0.862721,-1.0047350000000002,8566542,15.60511789099983,0.862721,-8.711739621741765,7.645393555364647,0.943666666666663,11.590791597360234,14.34684062747044,4,1,3.2716049999999997,40.787735
Spire_filter_1606996435.7,1606996435.7,1606996435.7,20201203115355,1.78732,-86.8156280518,33.5578575134,1.5635150000000002,1.6416907500000002,0.0,0.0,1.78732,-0.15556,-1.0,0.456699,-0.16112074999999998,8566547,7.959432164228691,0.456699,4.5561587111317055,-10.102320132347996,0.7766666666666625,11.082213418693259,0.0,1,1,0.2238049999999998,0.0055607499999999754
Spire_filter_1606996533.5,1606996533.5,1606996533.5,20201203115533,1.6825599999999998,-86.8151397705,33.5581665039,1.544235,1.62144675,0.0,0.0,1.6825599999999998,1.78062,-1.0,0.403672,-1.11148,8566551,10.122026987730065,0.403672,-6.402251856797906,-6.278215032772253,0.5016666666666628,8.966873080154516,0.0,1,1,0.1383249999999998,2.8921
Spire_filter_1606996794.1,1606996794.1,1606996794.1,20201203115954,1.6631,-86.8192062378,33.5569190979,1.576335,1.65515175,0.0,0.0,1.6631,9.15083,-1.0,0.661171,-0.16668149999999998,8566559,24.824303945697164,0.661171,-9.955860375049491,19.71815257093679,1.4466666666666623,22.0890175566552,0.0,1,1,0.08676499999999998,9.317511499999998
Spire_filter_1606997001.2,1606997001.2,1606997001.2,20201203120321,1.77557,-86.823928833,33.5544624329,1.5391150000000002,1.6160707500000002,0.0,0.0,1.77557,11.8588,0.00320415,0.893272,-1.1129799999999999,8566566,11.134420386756656,0.893272,5.544742872579705,-9.1008221854884,0.7596666666666619,10.65688218828102,0.0,1,1,0.23645499999999986,12.97178
Spire_filter_1606997216.3,1606997216.3,1606997216.3,20201203120656,1.72622,-86.81823730469999,33.5560798645,1.565325,1.64359125,0.0,0.0,1.72622,8.73086,0.0029078000000000003,0.793702,-0.1854315,8566573,6.852845332025522,0.793702,-3.3677704001547704,11.241473646751263,0.9919999999999958,11.7351015001474,0.0,1,1,0.160895,8.9162915
Spire_filter_1606998569.7,1606998569.7,1606998569.7,20201203122929,3.81265,-86.8168487549,33.5521011353,1.56245,1.6405724999999998,0.0,0.0,3.81265,23.9381,0.00991912,0.7408239999999999,-0.426453,8566618,19.756015652561622,0.7408239999999999,-3.8300637668602415,8.985958570290864,0.6106666666666646,9.768154374558149,0.0,1,1,2.2502000000000004,24.364552999999997
Spire_filter_1607001202.2,1607001202.2,1607001202.2,20201203131322,1.81915,-86.8236312866,33.5537261963,1.533415,1.61008575,0.0,0.0,1.81915,1.6073,-1.0,0.476278,1.42993,8566706,20.35510404663042,0.476278,7.484464198636337,3.551330527616225,0.7086666666666676,8.284271413772487,0.0,1,1,0.2857350000000001,0.17737000000000003
Spire_filter_1607001217.6,1607001217.6,1607001217.6,20201203131337,1.78834,-86.823928833,33.5543785095,1.533415,1.61008575,0.0,0.0,1.78834,1.7709099999999998,-1.0,0.5648890000000001,1.42993,8566707,2.549002840309681,0.5648890000000001,5.612636491939505,2.2823948347830507,0.6103333333333343,6.0589615094086335,13.503202480296446,6,1,0.25492500000000007,0.34097999999999984
Spire_filter_1607001217.6,1607001217.6,1607001218.6,20201203131338,1.77008,-86.8239364624,33.5543899536,1.533415,1.61008575,1.4557289173912504,0.34452008423440017,1.77008,0.8677530000000001,-1.0,0.644304,1.42993,8566707,5.514306193035512,0.644304,5.795625017733957,2.355825436682336,0.6360000000000009,6.2561316190041305,13.503202480296446,6,1,0.23666500000000013,-0.5621769999999998
Spire_filter_1607001217.6,1607001217.6,1607001220.7,20201203131340,1.72321,-86.82396698,33.5544700623,1.533415,1.61008575,10.801528322199054,2.1183060822698967,1.72321,1.79234,-1.0,0.668463,1.42993,8566707,11.17802644869884,0.668463,6.316775484711503,2.708095846285912,0.6743333333333343,6.872804059255817,13.503202480296446,6,1,0.18979499999999994,0.3624100000000001
Spire_filter_1607001217.6,1607001217.6,1607001221.7,20201203131341,1.7124,-86.8239898682,33.5545196533,1.533415,1.61008575,16.709620845339458,3.1757660225241815,1.7124,2.33101,-1.0,0.641147,1.42993,8566707,12.866697930443854,0.641147,6.656395627839668,2.8666003127079254,0.6883333333333344,7.247413339056924,13.503202480296446,6,1,0.17898499999999995,0.9010800000000001
Spire_filter_1607001217.6,1607001217.6,1607001222.7,20201203131342,1.7006,-86.8240203857,33.5545768738,1.533415,1.61008575,23.672390601309978,4.339836684176113,1.7006,1.22809,-1.0,0.663155,1.42993,8566707,14.447621505086296,0.663155,7.014305661718308,3.0997054137694784,0.7286666666666676,7.668680301601138,13.503202480296446,6,1,0.16718499999999992,-0.20184000000000002
Spire_filter_1607001217.6,1607001217.6,1607001223.7,20201203131343,1.6702400000000002,-86.82404327389999,33.5546417236,1.533415,1.61008575,31.18880387226716,5.368269929974831,1.6702400000000002,1.87591,-1.0,0.67425,1.42993,8566707,16.052205320606127,0.67425,7.505157397705363,3.3193634446759885,0.7663333333333342,8.206434136833293,13.503202480296446,6,1,0.1368250000000002,0.44598000000000004
Spire_filter_1607001362.4,1607001362.4,1607001362.4,20201203131602,1.75101,-86.82186889649998,33.5572624207,1.66422,1.7474310000000002,0.0,0.0,1.75101,3.46559,-1.0,0.5244939999999999,2.44409,8566712,6.584974893924081,0.5244939999999999,3.984306935057165,-5.416738713264111,0.8166666666666681,6.724266505762452,0.0,1,1,0.08678999999999992,1.0215
Spire_filter_1607001582.1,1607001582.1,1607001582.1,20201203131942,1.6449200000000002,-86.82577514649998,33.5561065674,1.5513075,1.628872875,0.0,0.0,1.6449200000000002,5.9241,-1.0,0.610484,-1.0842299999999998,8566719,16.238105651597348,0.610484,7.48948218186491,-13.708946577427364,1.2046666666666679,15.621381488691368,0.0,1,1,0.0936125000000001,7.00833
Spire_filter_1607002284.2,1607002284.2,1607002284.2,20201203133124,1.73571,-86.8264007568,33.552520752,1.6194099999999998,1.7003805,0.0,0.0,1.73571,12.5892,0.00388482,0.939672,11.3359,8566742,3.4662587543723737,0.939672,5.345823268832087,2.9245829914643777,0.5536666666666661,6.093522142041441,0.0,1,1,0.11630000000000029,1.2532999999999994
Spire_filter_1607002303.7,1607002303.7,1607002303.7,20201203133143,1.76508,-86.82682800290002,33.553565979,1.58686,1.666203,0.0,0.0,1.76508,11.8029,0.00387456,0.938082,11.6048,8566743,7.110500858478381,0.938082,5.7608927133161165,3.333542540033873,0.6593333333333328,6.655853868629795,3.6659653795906904,2,1,0.17822000000000005,0.19810000000000016
Spire_filter_1607002303.7,1607002303.7,1607002304.7,20201203133144,1.7196,-86.8268432617,33.553604125999996,1.58686,1.666203,4.471219389639856,0.5935096617807949,1.7196,12.9537,0.00370071,0.953819,11.6048,8566743,10.776466238069071,0.953819,5.998000468906906,3.4829022718314713,0.6929999999999995,6.9358934435396495,3.6659653795906904,2,1,0.13274000000000008,1.3489000000000004
Spire_filter_1607002584.3,1607002584.3,1607002584.3,20201203133624,1.85699,-86.828453064,33.553520202600005,1.54572,1.623006,0.0,0.0,1.85699,14.8509,0.00386495,0.822779,-1.11034,8566752,17.482973717518007,0.822779,-12.993241004707356,-7.594028128757852,1.1773333333333336,15.04970348634066,0.0,1,1,0.31126999999999994,15.96124
Spire_filter_1607002907.2,1607002907.2,1607002907.2,20201203134147,1.89101,-86.82749938959999,33.547416686999995,1.544235,1.62144675,0.0,0.0,1.89101,15.0133,0.00444315,0.900334,-1.11148,8566763,12.611798216273227,0.900334,-6.693670098850286,-3.5069085421868866,0.7609999999999997,7.556694179037932,0.0,1,1,0.34677500000000006,16.124779999999998
