<?xml version="1.0" encoding="UTF-8"?>
<metadata xml:lang="en"><Esri><CreaDate>20201202</CreaDate><CreaTime>15505100</CreaTime><ArcGISFormat>1.0</ArcGISFormat><SyncOnce>FALSE</SyncOnce><DataProperties><lineage><Process ToolSource="C:\Program Files (x86)\ArcGIS\Desktop10.0\ArcToolbox\Toolboxes\Editing Tools.tbx\Densify" Date="20131016" Time="144224">Densify "5-Year Survey Area" DISTANCE "18 Feet" "0.18 Feet" 10</Process><Process ToolSource="C:\Program Files (x86)\ArcGIS\Desktop10.0\ArcToolbox\Toolboxes\Editing Tools.tbx\Densify" Date="20131016" Time="144315">Densify "5-Year Survey Area" DISTANCE "18 Feet" "0.18 Feet" 10</Process><Process ToolSource="C:\Program Files (x86)\ArcGIS\Desktop10.0\ArcToolbox\Toolboxes\Editing Tools.tbx\Densify" Date="20131017" Time="101502">Densify "5-Year Survey Area" DISTANCE "18 Feet" "0.18 Feet" 10</Process><Process ToolSource="C:\Program Files (x86)\ArcGIS\Desktop10.0\ArcToolbox\Toolboxes\Data Management Tools.tbx\CalculateField" Date="20140116" Time="082136">CalculateField "Right of Way" LEAKSURVEYAREANAME 'Anniston ROW' VB #</Process><Process ToolSource="C:\Program Files (x86)\ArcGIS\Desktop10.0\ArcToolbox\Toolboxes\Data Management Tools.tbx\CalculateField" Date="20140116" Time="082606">CalculateField "Right of Way" LEAKSURVEYAREANAME "Anniston ROW" VB #</Process><Process ToolSource="C:\Program Files (x86)\ArcGIS\Desktop10.0\ArcToolbox\Toolboxes\Data Management Tools.tbx\CalculateField" Date="20140116" Time="082626">CalculateField "Right of Way" SURVEYCYCLE "Annually" VB #</Process><Process ToolSource="C:\Program Files (x86)\ArcGIS\Desktop10.0\ArcToolbox\Toolboxes\Data Management Tools.tbx\CalculateField" Date="20140116" Time="082653">CalculateField "Right of Way" LEAKSURVEYAREAID "ANN ROW" VB #</Process><Process ToolSource="C:\Program Files (x86)\ArcGIS\Desktop10.0\ArcToolbox\Toolboxes\Data Management Tools.tbx\CalculateField" Date="20140116" Time="082715">CalculateField "Right of Way" DIVISION "Anniston" VB #</Process><Process ToolSource="C:\Program Files (x86)\ArcGIS\Desktop10.0\ArcToolbox\Toolboxes\Data Management Tools.tbx\CalculateField" Date="20140116" Time="082906">CalculateField "Right of Way" SURVEYAREATYPE "Transmission Main Leakage Survey" VB #</Process><Process ToolSource="C:\Program Files (x86)\ArcGIS\Desktop10.0\ArcToolbox\Toolboxes\Data Management Tools.tbx\CalculateField" Date="20140116" Time="082940">CalculateField "Right of Way" SURVEYAREATYPE "Transmission Main Leakage Survey" VB #</Process><Process ToolSource="C:\Program Files (x86)\ArcGIS\Desktop10.0\ArcToolbox\Toolboxes\Data Management Tools.tbx\CalculateField" Date="20140116" Time="084310">CalculateField "Right of Way" DIVISION "Gadsden" VB #</Process><Process ToolSource="C:\Program Files (x86)\ArcGIS\Desktop10.0\ArcToolbox\Toolboxes\Data Management Tools.tbx\CalculateField" Date="20140116" Time="084323">CalculateField "Right of Way" DISTRICT "East Lauderdale" VB #</Process><Process ToolSource="C:\Program Files (x86)\ArcGIS\Desktop10.0\ArcToolbox\Toolboxes\Data Management Tools.tbx\CalculateField" Date="20140116" Time="084422">CalculateField "Right of Way" LEAKSURVEYAREANAME "Gadsden ROW" VB #</Process><Process ToolSource="C:\Program Files (x86)\ArcGIS\Desktop10.0\ArcToolbox\Toolboxes\Data Management Tools.tbx\CalculateField" Date="20140116" Time="084439">CalculateField "Right of Way" LEAKSURVEYAREAID "GAD ROW" VB #</Process><Process ToolSource="C:\Program Files (x86)\ArcGIS\Desktop10.0\ArcToolbox\Toolboxes\Data Management Tools.tbx\CalculateField" Date="20140116" Time="084540">CalculateField "Right of Way" LEAKSURVEYAREAID "GAD ROW" VB #</Process><Process ToolSource="C:\Program Files (x86)\ArcGIS\Desktop10.0\ArcToolbox\Toolboxes\Data Management Tools.tbx\CalculateField" Date="20140116" Time="084552">CalculateField "Right of Way" LEAKSURVEYAREANAME "Gadsden ROW" VB #</Process><Process ToolSource="C:\Program Files (x86)\ArcGIS\Desktop10.0\ArcToolbox\Toolboxes\Data Management Tools.tbx\CalculateField" Date="20140116" Time="084626">CalculateField "Right of Way" SURVEYAREATYPE "Transmission Main Leakage Survey" VB #</Process><Process ToolSource="C:\Program Files (x86)\ArcGIS\Desktop10.0\ArcToolbox\Toolboxes\Data Management Tools.tbx\CalculateField" Date="20140116" Time="084843">CalculateField "Right of Way" DIVISION "Gadsden" VB #</Process><Process ToolSource="C:\Program Files (x86)\ArcGIS\Desktop10.0\ArcToolbox\Toolboxes\Data Management Tools.tbx\CalculateField" Date="20140116" Time="084851">CalculateField "Right of Way" DISTRICT "Gadsden" VB #</Process><Process ToolSource="C:\Program Files (x86)\ArcGIS\Desktop10.0\ArcToolbox\Toolboxes\Data Management Tools.tbx\CalculateField" Date="20140116" Time="084904">CalculateField "Right of Way" SURVEYCYCLE "Annually" VB #</Process><Process ToolSource="C:\Program Files (x86)\ArcGIS\Desktop10.0\ArcToolbox\Toolboxes\Data Management Tools.tbx\CalculateField" Date="20140116" Time="085019">CalculateField "Right of Way" DIVISION "Birmingham" VB #</Process><Process ToolSource="C:\Program Files (x86)\ArcGIS\Desktop10.0\ArcToolbox\Toolboxes\Data Management Tools.tbx\CalculateField" Date="20140116" Time="085031">CalculateField "Right of Way" DISTRICT "Jasper" VB #</Process><Process ToolSource="C:\Program Files (x86)\ArcGIS\Desktop10.0\ArcToolbox\Toolboxes\Data Management Tools.tbx\CalculateField" Date="20140116" Time="085043">CalculateField "Right of Way" SURVEYCYCLE "Annually" VB #</Process><Process ToolSource="C:\Program Files (x86)\ArcGIS\Desktop10.0\ArcToolbox\Toolboxes\Data Management Tools.tbx\CalculateField" Date="20140116" Time="085125">CalculateField "Right of Way" LEAKSURVEYAREANAME "Birmingham ROW" VB #</Process><Process ToolSource="C:\Program Files (x86)\ArcGIS\Desktop10.0\ArcToolbox\Toolboxes\Data Management Tools.tbx\CalculateField" Date="20140116" Time="085136">CalculateField "Right of Way" LEAKSURVEYAREAID "BGH ROW" VB #</Process><Process ToolSource="C:\Program Files (x86)\ArcGIS\Desktop10.0\ArcToolbox\Toolboxes\Data Management Tools.tbx\CalculateField" Date="20140116" Time="085220">CalculateField "Right of Way" LEAKSURVEYAREAID "BGH ROW" VB #</Process><Process ToolSource="C:\Program Files (x86)\ArcGIS\Desktop10.0\ArcToolbox\Toolboxes\Data Management Tools.tbx\CalculateField" Date="20140116" Time="085230">CalculateField "Right of Way" LEAKSURVEYAREANAME "Birmingham ROW" VB #</Process><Process ToolSource="C:\Program Files (x86)\ArcGIS\Desktop10.0\ArcToolbox\Toolboxes\Data Management Tools.tbx\CalculateField" Date="20140116" Time="085505">CalculateField "Right of Way" DIVISION "Birmingham" VB #</Process><Process ToolSource="C:\Program Files (x86)\ArcGIS\Desktop10.0\ArcToolbox\Toolboxes\Data Management Tools.tbx\CalculateField" Date="20140116" Time="085517">CalculateField "Right of Way" DISTRICT "MET" VB #</Process><Process ToolSource="C:\Program Files (x86)\ArcGIS\Desktop10.0\ArcToolbox\Toolboxes\Data Management Tools.tbx\CalculateField" Date="20140116" Time="085531">CalculateField "Right of Way" SURVEYCYCLE "Annually" VB #</Process><Process ToolSource="C:\Program Files (x86)\ArcGIS\Desktop10.0\ArcToolbox\Toolboxes\Data Management Tools.tbx\CalculateField" Date="20140116" Time="090333">CalculateField "Right of Way" SURVEYCYCLE "Annually" VB #</Process><Process ToolSource="C:\Program Files (x86)\ArcGIS\Desktop10.0\ArcToolbox\Toolboxes\Data Management Tools.tbx\CalculateField" Date="20140116" Time="090348">CalculateField "Right of Way" DISTRICT "Montgomery" VB #</Process><Process ToolSource="C:\Program Files (x86)\ArcGIS\Desktop10.0\ArcToolbox\Toolboxes\Data Management Tools.tbx\CalculateField" Date="20140116" Time="090355">CalculateField "Right of Way" DIVISION "Montgomery" VB #</Process><Process ToolSource="C:\Program Files (x86)\ArcGIS\Desktop10.0\ArcToolbox\Toolboxes\Data Management Tools.tbx\CalculateField" Date="20140116" Time="090630">CalculateField "Right of Way" LEAKSURVEYAREANAME "Montgomery ROW" VB #</Process><Process ToolSource="C:\Program Files (x86)\ArcGIS\Desktop10.0\ArcToolbox\Toolboxes\Data Management Tools.tbx\CalculateField" Date="20140116" Time="090644">CalculateField "Right of Way" LEAKSURVEYAREAID "MON ROW" VB #</Process><Process ToolSource="C:\Program Files (x86)\ArcGIS\Desktop10.0\ArcToolbox\Toolboxes\Data Management Tools.tbx\CalculateField" Date="20140116" Time="090814">CalculateField "Right of Way" LEAKSURVEYAREAID "OPE ROW" VB #</Process><Process ToolSource="C:\Program Files (x86)\ArcGIS\Desktop10.0\ArcToolbox\Toolboxes\Data Management Tools.tbx\CalculateField" Date="20140116" Time="090828">CalculateField "Right of Way" LEAKSURVEYAREANAME "Opelika ROW" VB #</Process><Process ToolSource="C:\Program Files (x86)\ArcGIS\Desktop10.0\ArcToolbox\Toolboxes\Data Management Tools.tbx\CalculateField" Date="20140116" Time="091055">CalculateField "Right of Way" DIVISION "Opelika" VB #</Process><Process ToolSource="C:\Program Files (x86)\ArcGIS\Desktop10.0\ArcToolbox\Toolboxes\Data Management Tools.tbx\CalculateField" Date="20140116" Time="091118">CalculateField "Right of Way" SURVEYCYCLE "Annually" VB #</Process><Process ToolSource="C:\Program Files (x86)\ArcGIS\Desktop10.0\ArcToolbox\Toolboxes\Data Management Tools.tbx\CalculateField" Date="20140116" Time="091327">CalculateField "Right of Way" LEAKSURVEYAREAID "SEL ROW" VB #</Process><Process ToolSource="C:\Program Files (x86)\ArcGIS\Desktop10.0\ArcToolbox\Toolboxes\Data Management Tools.tbx\CalculateField" Date="20140116" Time="091339">CalculateField "Right of Way" LEAKSURVEYAREANAME "Selma ROW" VB #</Process><Process ToolSource="C:\Program Files (x86)\ArcGIS\Desktop10.0\ArcToolbox\Toolboxes\Data Management Tools.tbx\CalculateField" Date="20140116" Time="091506">CalculateField "Right of Way" DIVISION "Selma" VB #</Process><Process ToolSource="C:\Program Files (x86)\ArcGIS\Desktop10.0\ArcToolbox\Toolboxes\Data Management Tools.tbx\CalculateField" Date="20140116" Time="091516">CalculateField "Right of Way" DISTRICT "Selma" VB #</Process><Process ToolSource="C:\Program Files (x86)\ArcGIS\Desktop10.0\ArcToolbox\Toolboxes\Data Management Tools.tbx\CalculateField" Date="20140116" Time="091529">CalculateField "Right of Way" SURVEYCYCLE "Annually" VB #</Process><Process ToolSource="C:\Program Files (x86)\ArcGIS\Desktop10.0\ArcToolbox\Toolboxes\Data Management Tools.tbx\CalculateField" Date="20140116" Time="091645">CalculateField "Right of Way" LEAKSURVEYAREAID "BGH ROW" VB #</Process><Process ToolSource="C:\Program Files (x86)\ArcGIS\Desktop10.0\ArcToolbox\Toolboxes\Data Management Tools.tbx\CalculateField" Date="20140116" Time="091701">CalculateField "Right of Way" LEAKSURVEYAREANAME "Birmingham ROW" VB #</Process><Process ToolSource="C:\Program Files (x86)\ArcGIS\Desktop10.0\ArcToolbox\Toolboxes\Data Management Tools.tbx\CalculateField" Date="20140116" Time="092059">CalculateField "Right of Way" DIVISION "Birmingham" VB #</Process><Process ToolSource="C:\Program Files (x86)\ArcGIS\Desktop10.0\ArcToolbox\Toolboxes\Data Management Tools.tbx\CalculateField" Date="20140116" Time="092112">CalculateField "Right of Way" DISTRICT "SOC" VB #</Process><Process ToolSource="C:\Program Files (x86)\ArcGIS\Desktop10.0\ArcToolbox\Toolboxes\Data Management Tools.tbx\CalculateField" Date="20140116" Time="092153">CalculateField "Right of Way" SURVEYCYCLE "Annually" VB #</Process><Process ToolSource="C:\Program Files (x86)\ArcGIS\Desktop10.0\ArcToolbox\Toolboxes\Data Management Tools.tbx\CalculateField" Date="20140116" Time="092204">CalculateField "Right of Way" DISTRICT "Tuscaloosa" VB #</Process><Process ToolSource="C:\Program Files (x86)\ArcGIS\Desktop10.0\ArcToolbox\Toolboxes\Data Management Tools.tbx\CalculateField" Date="20140116" Time="092209">CalculateField "Right of Way" DIVISION "Tuscaloosa" VB #</Process><Process ToolSource="C:\Program Files (x86)\ArcGIS\Desktop10.0\ArcToolbox\Toolboxes\Data Management Tools.tbx\CalculateField" Date="20140116" Time="092233">CalculateField "Right of Way" LEAKSURVEYAREAID "TUS ROW" VB #</Process><Process ToolSource="C:\Program Files (x86)\ArcGIS\Desktop10.0\ArcToolbox\Toolboxes\Data Management Tools.tbx\CalculateField" Date="20140116" Time="092243">CalculateField "Right of Way" LEAKSURVEYAREANAME "Tuscaloosa ROW" VB #</Process><Process ToolSource="C:\Program Files (x86)\ArcGIS\Desktop10.0\ArcToolbox\Toolboxes\Data Management Tools.tbx\CalculateField" Date="20140116" Time="092419">CalculateField "Right of Way" SURVEYCYCLE "Annually" VB #</Process><Process ToolSource="C:\Program Files (x86)\ArcGIS\Desktop10.0\ArcToolbox\Toolboxes\Data Management Tools.tbx\CalculateField" Date="20140116" Time="092430">CalculateField "Right of Way" DISTRICT "WOC" VB #</Process><Process ToolSource="C:\Program Files (x86)\ArcGIS\Desktop10.0\ArcToolbox\Toolboxes\Data Management Tools.tbx\CalculateField" Date="20140116" Time="092441">CalculateField "Right of Way" DIVISION "Birmingham" VB #</Process><Process ToolSource="C:\Program Files (x86)\ArcGIS\Desktop10.0\ArcToolbox\Toolboxes\Data Management Tools.tbx\CalculateField" Date="20140116" Time="092547">CalculateField "Right of Way" LEAKSURVEYAREANAME "Birmingham ROW" VB #</Process><Process ToolSource="C:\Program Files (x86)\ArcGIS\Desktop10.0\ArcToolbox\Toolboxes\Data Management Tools.tbx\CalculateField" Date="20140116" Time="092556">CalculateField "Right of Way" LEAKSURVEYAREAID "BGH ROW" VB #</Process><Process ToolSource="C:\Program Files (x86)\ArcGIS\Desktop10.0\ArcToolbox\Toolboxes\Data Management Tools.tbx\CalculateField" Date="20140116" Time="092645">CalculateField "Right of Way" SURVEYCYCLE "Annually" VB #</Process><Process ToolSource="C:\Program Files (x86)\ArcGIS\Desktop10.0\ArcToolbox\Toolboxes\Data Management Tools.tbx\CalculateField" Date="20140116" Time="093755">CalculateField "Right of Way" LEAKSURVEYAREAID "ANN ROW" VB #</Process><Process ToolSource="C:\Program Files (x86)\ArcGIS\Desktop10.0\ArcToolbox\Toolboxes\Data Management Tools.tbx\CalculateField" Date="20140116" Time="093916">CalculateField "Right of Way" SURVEYCYCLE ANN VB #</Process><Process ToolSource="C:\Program Files (x86)\ArcGIS\Desktop10.0\ArcToolbox\Toolboxes\Data Management Tools.tbx\CalculateField" Date="20140116" Time="094045">CalculateField "Right of Way" DISTRICT "Anniston" VB #</Process><Process ToolSource="C:\Program Files (x86)\ArcGIS\Desktop10.0\ArcToolbox\Toolboxes\Data Management Tools.tbx\CalculateField" Date="20140116" Time="094056">CalculateField "Right of Way" DIVISION "Anniston" VB #</Process><Process ToolSource="C:\Program Files (x86)\ArcGIS\Desktop10.0\ArcToolbox\Toolboxes\Data Management Tools.tbx\CalculateField" Date="20140116" Time="094116">CalculateField "Right of Way" LEAKSURVEYAREANAME "Anniston ROW" VB #</Process><Process ToolSource="C:\Program Files (x86)\ArcGIS\Desktop10.0\ArcToolbox\Toolboxes\Data Management Tools.tbx\CalculateField" Date="20140116" Time="094125">CalculateField "Right of Way" LEAKSURVEYAREAID "ANN ROW" VB #</Process><Process ToolSource="C:\Program Files (x86)\ArcGIS\Desktop10.0\ArcToolbox\Toolboxes\Data Management Tools.tbx\CalculateField" Date="20140116" Time="094227">CalculateField "Right of Way" SURVEYAREATYPE TRANSMAIN VB #</Process><Process ToolSource="C:\Program Files (x86)\ArcGIS\Desktop10.0\ArcToolbox\Toolboxes\Data Management Tools.tbx\CalculateField" Date="20140116" Time="094259">CalculateField "Right of Way" SURVEYAREATYPE "TRANSMAIN" VB #</Process><Process ToolSource="C:\Program Files (x86)\ArcGIS\Desktop10.0\ArcToolbox\Toolboxes\Data Management Tools.tbx\CalculateField" Date="20140116" Time="094320">CalculateField "Right of Way" SURVEYCYCLE "ANN" VB #</Process><Process ToolSource="C:\Program Files (x86)\ArcGIS\Desktop10.0\ArcToolbox\Toolboxes\Data Management Tools.tbx\CalculateField" Date="20140116" Time="094536">CalculateField All SURVEYCYCLE "ANN" VB #</Process><Process ToolSource="C:\Program Files (x86)\ArcGIS\Desktop10.0\ArcToolbox\Toolboxes\Data Management Tools.tbx\CalculateField" Date="20140116" Time="094821">CalculateField "Right of Way" LEAKSURVEYAREANAME "Gadsden Right Of Way" VB #</Process><Process ToolSource="C:\Program Files (x86)\ArcGIS\Desktop10.0\ArcToolbox\Toolboxes\Data Management Tools.tbx\CalculateField" Date="20140116" Time="094906">CalculateField "Right of Way" LEAKSURVEYAREANAME "Anniston Right Of Way" VB #</Process><Process ToolSource="C:\Program Files (x86)\ArcGIS\Desktop10.0\ArcToolbox\Toolboxes\Data Management Tools.tbx\CalculateField" Date="20140116" Time="095008">CalculateField "Right of Way" LEAKSURVEYAREANAME "Birmingham Right Of Way" VB #</Process><Process ToolSource="C:\Program Files (x86)\ArcGIS\Desktop10.0\ArcToolbox\Toolboxes\Data Management Tools.tbx\CalculateField" Date="20140116" Time="095028">CalculateField "Right of Way" LEAKSURVEYAREANAME "Gadsden Right Of Way" VB #</Process><Process ToolSource="C:\Program Files (x86)\ArcGIS\Desktop10.0\ArcToolbox\Toolboxes\Data Management Tools.tbx\CalculateField" Date="20140116" Time="095110">CalculateField "Right of Way" LEAKSURVEYAREANAME "Montgomery Right Of Way" VB #</Process><Process ToolSource="C:\Program Files (x86)\ArcGIS\Desktop10.0\ArcToolbox\Toolboxes\Data Management Tools.tbx\CalculateField" Date="20140116" Time="095139">CalculateField "Right of Way" LEAKSURVEYAREANAME "Opelika Right Of Way" VB #</Process><Process ToolSource="C:\Program Files (x86)\ArcGIS\Desktop10.0\ArcToolbox\Toolboxes\Data Management Tools.tbx\CalculateField" Date="20140116" Time="095200">CalculateField "Right of Way" LEAKSURVEYAREANAME "Selma Right Of Way" VB #</Process><Process ToolSource="C:\Program Files (x86)\ArcGIS\Desktop10.0\ArcToolbox\Toolboxes\Data Management Tools.tbx\CalculateField" Date="20140116" Time="095222">CalculateField "Right of Way" LEAKSURVEYAREANAME "Tuscaloosa Right Of Way" VB #</Process><Process ToolSource="C:\Program Files (x86)\ArcGIS\Desktop10.0\ArcToolbox\Toolboxes\Data Management Tools.tbx\CalculateField" Date="20140116" Time="095502">CalculateField "Right of Way" DISTRICT "Tuskegee" VB #</Process><Process ToolSource="C:\Program Files (x86)\ArcGIS\Desktop10.0\ArcToolbox\Toolboxes\Data Management Tools.tbx\CalculateField" Date="20140116" Time="095530">CalculateField "Right of Way" DISTRICT "Opelika" VB #</Process><Process ToolSource="C:\Program Files (x86)\ArcGIS\Desktop10.0\ArcToolbox\Toolboxes\Data Management Tools.tbx\CalculateField" Date="20140116" Time="095601">CalculateField "Right of Way" DISTRICT "Valley" VB #</Process><Process ToolSource="C:\Program Files (x86)\ArcGIS\Desktop10.0\ArcToolbox\Toolboxes\Data Management Tools.tbx\CalculateField" Date="20140116" Time="095743">CalculateField "Right of Way" DISTRICT "St Clair" VB #</Process><Process ToolSource="C:\Program Files (x86)\ArcGIS\Desktop10.0\ArcToolbox\Toolboxes\Conversion Tools.tbx\FeatureClassToFeatureClass" Date="20140424" Time="093023">FeatureClassToFeatureClass "Database Connections\GSP.sde\ALAGASCO.Gas\ALAGASCO.LeakSurveyArea" "F:\MAGI Data\ACG Updates April 2014\Leak Data - EZTech\Magi.mdb\LeakSurvey" MainService3Year # "CREATIONUSER "Creation User" true true false 20 Text 0 0 ,First,#,Database Connections\GSP.sde\ALAGASCO.Gas\ALAGASCO.LeakSurveyArea,CREATIONUSER,-1,-1;DATECREATED "Date Created" true true false 36 Date 0 0 ,First,#,Database Connections\GSP.sde\ALAGASCO.Gas\ALAGASCO.LeakSurveyArea,DATECREATED,-1,-1;DATEMODIFIED "Date Modified" true true false 36 Date 0 0 ,First,#,Database Connections\GSP.sde\ALAGASCO.Gas\ALAGASCO.LeakSurveyArea,DATEMODIFIED,-1,-1;LASTUSER "Last User" true true false 20 Text 0 0 ,First,#,Database Connections\GSP.sde\ALAGASCO.Gas\ALAGASCO.LeakSurveyArea,LASTUSER,-1,-1;LEAKSURVEYAREAID "Leak Survey Area ID" true true false 20 Text 0 0 ,First,#,Database Connections\GSP.sde\ALAGASCO.Gas\ALAGASCO.LeakSurveyArea,LEAKSURVEYAREAID,-1,-1;LEAKSURVEYAREANAME "Leak Survey Area Name" true true false 50 Text 0 0 ,First,#,Database Connections\GSP.sde\ALAGASCO.Gas\ALAGASCO.LeakSurveyArea,LEAKSURVEYAREANAME,-1,-1;LASTSURVEYDATE "Last Survey Date" true true false 36 Date 0 0 ,First,#,Database Connections\GSP.sde\ALAGASCO.Gas\ALAGASCO.LeakSurveyArea,LASTSURVEYDATE,-1,-1;LEAKSURVEYDUEDATE "Leak Survey Due Date" true true false 36 Date 0 0 ,First,#,Database Connections\GSP.sde\ALAGASCO.Gas\ALAGASCO.LeakSurveyArea,LEAKSURVEYDUEDATE,-1,-1;SURVEYAREATYPE "Survey Area Type" true true false 10 Text 0 0 ,First,#,Database Connections\GSP.sde\ALAGASCO.Gas\ALAGASCO.LeakSurveyArea,SURVEYAREATYPE,-1,-1;TARGETMONTH "Target Month" true true false 5 Text 0 0 ,First,#,Database Connections\GSP.sde\ALAGASCO.Gas\ALAGASCO.LeakSurveyArea,TARGETMONTH,-1,-1;COMMENTS "COMMENTS" true true false 100 Text 0 0 ,First,#,Database Connections\GSP.sde\ALAGASCO.Gas\ALAGASCO.LeakSurveyArea,COMMENTS,-1,-1;WORKREQUESTID "Work Request ID" true true false 20 Text 0 0 ,First,#,Database Connections\GSP.sde\ALAGASCO.Gas\ALAGASCO.LeakSurveyArea,WORKREQUESTID,-1,-1;DESIGNID "Design ID" true true false 20 Text 0 0 ,First,#,Database Connections\GSP.sde\ALAGASCO.Gas\ALAGASCO.LeakSurveyArea,DESIGNID,-1,-1;WORKLOCATIONID "Work Location ID" true true false 20 Text 0 0 ,First,#,Database Connections\GSP.sde\ALAGASCO.Gas\ALAGASCO.LeakSurveyArea,WORKLOCATIONID,-1,-1;WORKFLOWSTATUS "Work Flow Status" true true false 4 Long 0 9 ,First,#,Database Connections\GSP.sde\ALAGASCO.Gas\ALAGASCO.LeakSurveyArea,WORKFLOWSTATUS,-1,-1;WORKFUNCTION "Work Function" true true false 4 Long 0 9 ,First,#,Database Connections\GSP.sde\ALAGASCO.Gas\ALAGASCO.LeakSurveyArea,WORKFUNCTION,-1,-1;DIVISION "DIVISION" true true false 15 Text 0 0 ,First,#,Database Connections\GSP.sde\ALAGASCO.Gas\ALAGASCO.LeakSurveyArea,DIVISION,-1,-1;DISTRICT "DISTRICT" true true false 15 Text 0 0 ,First,#,Database Connections\GSP.sde\ALAGASCO.Gas\ALAGASCO.LeakSurveyArea,DISTRICT,-1,-1;SURVEYCYCLE "Survey Cycle" true true false 50 Text 0 0 ,First,#,Database Connections\GSP.sde\ALAGASCO.Gas\ALAGASCO.LeakSurveyArea,SURVEYCYCLE,-1,-1;HCA "Transmission HCA" true true false 1 Text 0 0 ,First,#,Database Connections\GSP.sde\ALAGASCO.Gas\ALAGASCO.LeakSurveyArea,HCA,-1,-1;SHAPE_AREA "SHAPE_AREA" false false true 0 Double 0 0 ,First,#,Database Connections\GSP.sde\ALAGASCO.Gas\ALAGASCO.LeakSurveyArea,SHAPE.AREA,-1,-1;SHAPE_LEN "SHAPE_LEN" false false true 0 Double 0 0 ,First,#,Database Connections\GSP.sde\ALAGASCO.Gas\ALAGASCO.LeakSurveyArea,SHAPE.LEN,-1,-1" #</Process><Process ToolSource="C:\Program Files (x86)\ArcGIS\Desktop10.0\ArcToolbox\Toolboxes\Data Management Tools.tbx\CalculateField" Date="20140501" Time="105920">CalculateField "5 Year" SURVEYAREATYPE "MS" VB #</Process><Process ToolSource="c:\program files (x86)\arcgis\desktop10.6\ArcToolbox\Toolboxes\Data Management Tools.tbx\CalculateField" Date="20200901" Time="081241">CalculateField Survey_Areas LEAKSURVEYAREAID "BGH 3YR A" VB #</Process><Process ToolSource="c:\program files (x86)\arcgis\desktop10.6\ArcToolbox\Toolboxes\Data Management Tools.tbx\CalculateField" Date="20200902" Time="102250">CalculateField Survey_Areas LEAKSURVEYAREAID "BGH 5YR 3" VB #</Process><Process ToolSource="c:\program files (x86)\arcgis\desktop10.6\ArcToolbox\Toolboxes\Data Management Tools.tbx\CalculateField" Date="20200902" Time="104101">CalculateField Survey_Areas LEAKSURVEYAREAID "OPE 3YR A" VB #</Process><Process ToolSource="c:\program files\arcgis\pro\Resources\ArcToolbox\toolboxes\Data Management Tools.tbx\UpdateSchema" Date="20200908" Time="093902">UpdateSchema "CIMDATA=&lt;CIMStandardDataConnection xsi:type='typens:CIMStandardDataConnection' xmlns:xsi='http://www.w3.org/2001/XMLSchema-instance' xmlns:xs='http://www.w3.org/2001/XMLSchema' xmlns:typens='http://www.esri.com/schemas/ArcGIS/2.6.0'&gt;&lt;WorkspaceConnectionString&gt;DATABASE=C:\Users\dkim\Desktop\AMLD Survey&lt;/WorkspaceConnectionString&gt;&lt;WorkspaceFactory&gt;Shapefile&lt;/WorkspaceFactory&gt;&lt;Dataset&gt;Survey_Areas.shp&lt;/Dataset&gt;&lt;DatasetType&gt;esriDTFeatureClass&lt;/DatasetType&gt;&lt;/CIMStandardDataConnection&gt;" &lt;operationSequence&gt;&lt;workflow&gt;&lt;AlterField&gt;&lt;field_name&gt;LASTSURVEY&lt;/field_name&gt;&lt;field_is_nullable&gt;False&lt;/field_is_nullable&gt;&lt;clear_field_alias&gt;False&lt;/clear_field_alias&gt;&lt;/AlterField&gt;&lt;/workflow&gt;&lt;workflow&gt;&lt;AlterField&gt;&lt;field_name&gt;LEAKSURV_2&lt;/field_name&gt;&lt;field_is_nullable&gt;False&lt;/field_is_nullable&gt;&lt;clear_field_alias&gt;False&lt;/clear_field_alias&gt;&lt;/AlterField&gt;&lt;/workflow&gt;&lt;workflow&gt;&lt;AddField&gt;&lt;field_name&gt;Polygon&lt;/field_name&gt;&lt;field_type&gt;TEXT&lt;/field_type&gt;&lt;field_length&gt;255&lt;/field_length&gt;&lt;field_is_nullable&gt;False&lt;/field_is_nullable&gt;&lt;field_is_required&gt;False&lt;/field_is_required&gt;&lt;/AddField&gt;&lt;/workflow&gt;&lt;/operationSequence&gt;</Process><Process ToolSource="c:\program files\arcgis\pro\Resources\ArcToolbox\toolboxes\Data Management Tools.tbx\UpdateSchema" Date="20200908" Time="093911">UpdateSchema "CIMDATA=&lt;CIMStandardDataConnection xsi:type='typens:CIMStandardDataConnection' xmlns:xsi='http://www.w3.org/2001/XMLSchema-instance' xmlns:xs='http://www.w3.org/2001/XMLSchema' xmlns:typens='http://www.esri.com/schemas/ArcGIS/2.6.0'&gt;&lt;WorkspaceConnectionString&gt;DATABASE=C:\Users\dkim\Desktop\AMLD Survey&lt;/WorkspaceConnectionString&gt;&lt;WorkspaceFactory&gt;Shapefile&lt;/WorkspaceFactory&gt;&lt;Dataset&gt;Survey_Areas.shp&lt;/Dataset&gt;&lt;DatasetType&gt;esriDTFeatureClass&lt;/DatasetType&gt;&lt;/CIMStandardDataConnection&gt;" &lt;operationSequence&gt;&lt;workflow&gt;&lt;AlterField&gt;&lt;field_name&gt;LASTSURVEY&lt;/field_name&gt;&lt;field_is_nullable&gt;False&lt;/field_is_nullable&gt;&lt;clear_field_alias&gt;False&lt;/clear_field_alias&gt;&lt;/AlterField&gt;&lt;/workflow&gt;&lt;workflow&gt;&lt;AlterField&gt;&lt;field_name&gt;LEAKSURV_2&lt;/field_name&gt;&lt;field_is_nullable&gt;False&lt;/field_is_nullable&gt;&lt;clear_field_alias&gt;False&lt;/clear_field_alias&gt;&lt;/AlterField&gt;&lt;/workflow&gt;&lt;/operationSequence&gt;</Process><Process ToolSource="c:\program files\arcgis\pro\Resources\ArcToolbox\toolboxes\Data Management Tools.tbx\CalculateField" Date="20200908" Time="093942">CalculateField Survey_Areas Polygon !OBJECTID! "Python 3" # Text</Process><Process ToolSource="c:\program files (x86)\arcgis\desktop10.8\ArcToolbox\Toolboxes\Analysis Tools.tbx\Select" Date="20200908" Time="100359">Select "C:\Users\dkim\Desktop\AMLD Survey\Survey_Areas.shp" "C:\Users\dkim\Desktop\AMLD Survey\Output\5_Polygon.shp" ""Polygon" = '5'"</Process><Process ToolSource="c:\program files\arcgis\pro\Resources\ArcToolbox\toolboxes\Data Management Tools.tbx\CopyFeatures" Date="20201202" Time="140902">CopyFeatures "C:\Users\dkim\Documents\AMLD Survey\Output\5_Polygon.shp" "C:\Users\dkim\Documents\AMLD Survey\Spire_2020_AvenzaMaps\Spire_Audits_20201202.gdb\T5_Polygon" # # # #</Process></lineage><itemProps><itemName Sync="TRUE">T5_Polygon</itemName><imsContentType Sync="TRUE">002</imsContentType><itemLocation><linkage Sync="TRUE">file://\\6QNQWF2\C$\Users\dkim\Documents\AMLD Survey\Spire_2020_AvenzaMaps\Spire_Audits_20201202.gdb</linkage><protocol Sync="TRUE">Local Area Network</protocol></itemLocation><itemSize Sync="TRUE">0.000</itemSize></itemProps><coordRef><type Sync="TRUE">Projected</type><geogcsn Sync="TRUE">GCS_North_American_1983</geogcsn><csUnits Sync="TRUE">Linear Unit: Foot_US (0.304801)</csUnits><projcsn Sync="TRUE">NAD_1983_UTM_Zone_16N</projcsn><peXml Sync="TRUE">&lt;ProjectedCoordinateSystem xsi:type='typens:ProjectedCoordinateSystem' xmlns:xsi='http://www.w3.org/2001/XMLSchema-instance' xmlns:xs='http://www.w3.org/2001/XMLSchema' xmlns:typens='http://www.esri.com/schemas/ArcGIS/2.6.0'&gt;&lt;WKT&gt;PROJCS[&amp;quot;NAD_1983_UTM_Zone_16N&amp;quot;,GEOGCS[&amp;quot;GCS_North_American_1983&amp;quot;,DATUM[&amp;quot;D_North_American_1983&amp;quot;,SPHEROID[&amp;quot;GRS_1980&amp;quot;,6378137.0,298.257222101]],PRIMEM[&amp;quot;Greenwich&amp;quot;,0.0],UNIT[&amp;quot;Degree&amp;quot;,0.0174532925199433]],PROJECTION[&amp;quot;Transverse_Mercator&amp;quot;],PARAMETER[&amp;quot;False_Easting&amp;quot;,1640416.666666667],PARAMETER[&amp;quot;False_Northing&amp;quot;,0.0],PARAMETER[&amp;quot;Central_Meridian&amp;quot;,-87.0],PARAMETER[&amp;quot;Scale_Factor&amp;quot;,0.9996],PARAMETER[&amp;quot;Latitude_Of_Origin&amp;quot;,0.0],UNIT[&amp;quot;Foot_US&amp;quot;,0.3048006096012192]]&lt;/WKT&gt;&lt;XOrigin&gt;-16800800&lt;/XOrigin&gt;&lt;YOrigin&gt;-32802000&lt;/YOrigin&gt;&lt;XYScale&gt;3048.0060960121918&lt;/XYScale&gt;&lt;ZOrigin&gt;-100000&lt;/ZOrigin&gt;&lt;ZScale&gt;10000&lt;/ZScale&gt;&lt;MOrigin&gt;-100000&lt;/MOrigin&gt;&lt;MScale&gt;10000&lt;/MScale&gt;&lt;XYTolerance&gt;0.0032808333333333331&lt;/XYTolerance&gt;&lt;ZTolerance&gt;0.001&lt;/ZTolerance&gt;&lt;MTolerance&gt;0.001&lt;/MTolerance&gt;&lt;HighPrecision&gt;true&lt;/HighPrecision&gt;&lt;/ProjectedCoordinateSystem&gt;</peXml></coordRef></DataProperties><SyncDate>20201202</SyncDate><SyncTime>14090200</SyncTime><ModDate>20201202</ModDate><ModTime>14090200</ModTime></Esri><dataIdInfo><envirDesc Sync="TRUE">Microsoft Windows 10 Version 10.0 (Build 18363) ; Esri ArcGIS 12.6.3.24783</envirDesc><dataLang><languageCode value="eng" Sync="TRUE"></languageCode><countryCode value="USA" Sync="TRUE"></countryCode></dataLang><idCitation><resTitle Sync="TRUE">T5_Polygon</resTitle><presForm><PresFormCd value="005" Sync="TRUE"></PresFormCd></presForm></idCitation><spatRpType><SpatRepTypCd value="001" Sync="TRUE"></SpatRepTypCd></spatRpType></dataIdInfo><mdLang><languageCode value="eng" Sync="TRUE"></languageCode><countryCode value="USA" Sync="TRUE"></countryCode></mdLang><distInfo><distFormat><formatName Sync="TRUE">File Geodatabase Feature Class</formatName></distFormat><distTranOps><transSize Sync="TRUE">0.000</transSize></distTranOps></distInfo><mdHrLv><ScopeCd value="005" Sync="TRUE"></ScopeCd></mdHrLv><mdHrLvName Sync="TRUE">dataset</mdHrLvName><refSysInfo><RefSystem><refSysID><identCode code="0" Sync="TRUE"></identCode></refSysID></RefSystem></refSysInfo><spatRepInfo><VectSpatRep><geometObjs Name="T5_Polygon"><geoObjTyp><GeoObjTypCd value="002" Sync="TRUE"></GeoObjTypCd></geoObjTyp><geoObjCnt Sync="TRUE">0</geoObjCnt></geometObjs><topLvl><TopoLevCd value="001" Sync="TRUE"></TopoLevCd></topLvl></VectSpatRep></spatRepInfo><spdoinfo><ptvctinf><esriterm Name="T5_Polygon"><efeatyp Sync="TRUE">Simple</efeatyp><efeageom code="4" Sync="TRUE"></efeageom><esritopo Sync="TRUE">FALSE</esritopo><efeacnt Sync="TRUE">0</efeacnt><spindex Sync="TRUE">TRUE</spindex><linrefer Sync="TRUE">FALSE</linrefer></esriterm></ptvctinf></spdoinfo><eainfo><detailed Name="T5_Polygon"><enttyp><enttypl Sync="TRUE">T5_Polygon</enttypl><enttypt Sync="TRUE">Feature Class</enttypt><enttypc Sync="TRUE">0</enttypc></enttyp><attr><attrlabl Sync="TRUE">OBJECTID_1</attrlabl><attalias Sync="TRUE">OBJECTID_1</attalias><attrtype Sync="TRUE">OID</attrtype><attwidth Sync="TRUE">4</attwidth><atprecis Sync="TRUE">0</atprecis><attscale Sync="TRUE">0</attscale><attrdef Sync="TRUE">Internal feature number.</attrdef><attrdefs Sync="TRUE">Esri</attrdefs><attrdomv><udom Sync="TRUE">Sequential unique whole numbers that are automatically generated.</udom></attrdomv></attr><attr><attrlabl Sync="TRUE">OBJECTID</attrlabl><attalias Sync="TRUE">OBJECTID</attalias><attrtype Sync="TRUE">Integer</attrtype><attwidth Sync="TRUE">4</attwidth><atprecis Sync="TRUE">0</atprecis><attscale Sync="TRUE">0</attscale><attrdef Sync="TRUE">Internal feature number.</attrdef><attrdefs Sync="TRUE">ESRI</attrdefs><attrdomv><udom Sync="TRUE">Sequential unique whole numbers that are automatically generated.</udom></attrdomv></attr><attr><attrlabl Sync="TRUE">Shape</attrlabl><attalias Sync="TRUE">Shape</attalias><attrtype Sync="TRUE">Geometry</attrtype><attwidth Sync="TRUE">0</attwidth><atprecis Sync="TRUE">0</atprecis><attscale Sync="TRUE">0</attscale><attrdef Sync="TRUE">Feature geometry.</attrdef><attrdefs Sync="TRUE">ESRI</attrdefs><attrdomv><udom Sync="TRUE">Coordinates defining the features.</udom></attrdomv></attr><attr><attrlabl Sync="TRUE">LEAKSURVEY</attrlabl><attalias Sync="TRUE">LEAKSURVEY</attalias><attrtype Sync="TRUE">String</attrtype><attwidth Sync="TRUE">20</attwidth><atprecis Sync="TRUE">0</atprecis><attscale Sync="TRUE">0</attscale></attr><attr><attrlabl Sync="TRUE">LEAKSURV_1</attrlabl><attalias Sync="TRUE">LEAKSURV_1</attalias><attrtype Sync="TRUE">String</attrtype><attwidth Sync="TRUE">50</attwidth><atprecis Sync="TRUE">0</atprecis><attscale Sync="TRUE">0</attscale></attr><attr><attrlabl Sync="TRUE">LASTSURVEY</attrlabl><attalias Sync="TRUE">LASTSURVEY</attalias><attrtype Sync="TRUE">Date</attrtype><attwidth Sync="TRUE">8</attwidth><atprecis Sync="TRUE">0</atprecis><attscale Sync="TRUE">0</attscale></attr><attr><attrlabl Sync="TRUE">LEAKSURV_2</attrlabl><attalias Sync="TRUE">LEAKSURV_2</attalias><attrtype Sync="TRUE">Date</attrtype><attwidth Sync="TRUE">8</attwidth><atprecis Sync="TRUE">0</atprecis><attscale Sync="TRUE">0</attscale></attr><attr><attrlabl Sync="TRUE">SURVEYAREA</attrlabl><attalias Sync="TRUE">SURVEYAREA</attalias><attrtype Sync="TRUE">String</attrtype><attwidth Sync="TRUE">10</attwidth><atprecis Sync="TRUE">0</atprecis><attscale Sync="TRUE">0</attscale></attr><attr><attrlabl Sync="TRUE">TARGETMONT</attrlabl><attalias Sync="TRUE">TARGETMONT</attalias><attrtype Sync="TRUE">String</attrtype><attwidth Sync="TRUE">5</attwidth><atprecis Sync="TRUE">0</atprecis><attscale Sync="TRUE">0</attscale></attr><attr><attrlabl Sync="TRUE">COMMENTS</attrlabl><attalias Sync="TRUE">COMMENTS</attalias><attrtype Sync="TRUE">String</attrtype><attwidth Sync="TRUE">100</attwidth><atprecis Sync="TRUE">0</atprecis><attscale Sync="TRUE">0</attscale></attr><attr><attrlabl Sync="TRUE">SURVEYCYCL</attrlabl><attalias Sync="TRUE">SURVEYCYCL</attalias><attrtype Sync="TRUE">String</attrtype><attwidth Sync="TRUE">50</attwidth><atprecis Sync="TRUE">0</atprecis><attscale Sync="TRUE">0</attscale></attr><attr><attrlabl Sync="TRUE">HCA</attrlabl><attalias Sync="TRUE">HCA</attalias><attrtype Sync="TRUE">String</attrtype><attwidth Sync="TRUE">1</attwidth><atprecis Sync="TRUE">0</atprecis><attscale Sync="TRUE">0</attscale></attr><attr><attrlabl Sync="TRUE">SHAPE_Leng</attrlabl><attalias Sync="TRUE">SHAPE_Leng</attalias><attrtype Sync="TRUE">Double</attrtype><attwidth Sync="TRUE">8</attwidth><atprecis Sync="TRUE">0</atprecis><attscale Sync="TRUE">0</attscale></attr><attr><attrlabl Sync="TRUE">SHAPE_Area</attrlabl><attalias Sync="TRUE">Shape_Area</attalias><attrtype Sync="TRUE">Double</attrtype><attwidth Sync="TRUE">8</attwidth><atprecis Sync="TRUE">0</atprecis><attscale Sync="TRUE">0</attscale><attrdef Sync="TRUE">Area of feature in internal units squared.</attrdef><attrdefs Sync="TRUE">Esri</attrdefs><attrdomv><udom Sync="TRUE">Positive real numbers that are automatically generated.</udom></attrdomv></attr><attr><attrlabl Sync="TRUE">Shape_Length</attrlabl><attalias Sync="TRUE">Shape_Length</attalias><attrtype Sync="TRUE">Double</attrtype><attwidth Sync="TRUE">8</attwidth><atprecis Sync="TRUE">0</atprecis><attscale Sync="TRUE">0</attscale><attrdef Sync="TRUE">Length of feature in internal units.</attrdef><attrdefs Sync="TRUE">Esri</attrdefs><attrdomv><udom Sync="TRUE">Positive real numbers that are automatically generated.</udom></attrdomv></attr><attr><attrlabl Sync="TRUE">Polygon</attrlabl><attalias Sync="TRUE">Polygon</attalias><attrtype Sync="TRUE">String</attrtype><attwidth Sync="TRUE">254</attwidth><atprecis Sync="TRUE">0</atprecis><attscale Sync="TRUE">0</attscale></attr></detailed></eainfo><mdDateSt Sync="TRUE">20201202</mdDateSt><mdChar><CharSetCd value="004" Sync="TRUE"></CharSetCd></mdChar></metadata>
