,min_read,overallLON,overallLAT,mnlogCH4,verified,numtimes,minDist,maxDist,mn_maxc2h6_ab,mn_maxch4_ab,geometry,recombine,em,threshold,First_Time
0,Spire_1606822044.8,-86.8234481812,33.5646591187,0.23448894821402808,False,1,0.0,0.0,1.2255699999999994,1.2642625,POINT (-86.82344818120001 33.5646591187),['Spire_1606822044.8'],0.7355968824688675,0.05,2020-12-01 04:27:24
1,Spire_1606822226.4,-86.82291603844016,33.56020644458641,-1.4445824274806043,True,4,0.0,1.2178215868918976,1.1558793750000005,0.23724999999999985,POINT (-86.82291603844016 33.56020644458641),"['Spire_1606822226.4', 'Spire_1606830157.3', 'Spire_1606908883.5', 'Spire_1606993259.4']",0.07709223187694668,0.05,2020-12-01 04:30:26
2,Spire_1606822297.1,-86.82344575606234,33.55922444684258,-0.4097735749408884,True,2,0.0,0.0,14.978985000000002,1.10254,POINT (-86.82344575606234 33.55922444684258),"['Spire_1606822297.1', 'Spire_1606830461.4']",0.30956687118444026,0.05,2020-12-01 04:31:37
3,Spire_1606822391.6,-86.82815561756227,33.55595289413829,0.2760893104791237,True,3,0.0,14.364255716049815,1.8457630000000003,1.4789415000000001,POINT (-86.82815561756227 33.55595289413829),"['Spire_1606822391.6', 'Spire_1606836112.8', 'Spire_1606836181.5', 'Spire_1606836429.7', 'Spire_1606836455.3']",0.7778771128466936,0.05,2020-12-01 04:33:11
4,Spire_1606822411.7,-86.82916247093279,33.55515452506593,0.1521529396903274,True,5,0.0,15.462806237832641,1.2722431818181816,1.369605909090909,POINT (-86.82916247093279 33.55515452506593),"['Spire_1606822411.7', 'Spire_1606822466.3', 'Spire_1606836420.3', 'Spire_1606836500.4', 'Spire_1606836516.8', 'Spire_1606836539.4', 'Spire_1606836548.8', 'Spire_1606924419.1', 'Spire_1606925081.6', 'Spire_1606925107.3', 'Spire_1607001747.5']",0.6585703262547065,0.05,2020-12-01 04:33:31
5,Spire_1606822411.7,-86.82916247093279,33.55515452506593,0.1521529396903274,True,6,0.0,15.462806237832641,1.2722431818181816,1.369605909090909,POINT (-86.82916247093279 33.55515452506593),"['Spire_1606822411.7', 'Spire_1606822466.3', 'Spire_1606836420.3', 'Spire_1606836500.4', 'Spire_1606836516.8', 'Spire_1606836539.4', 'Spire_1606836548.8', 'Spire_1606924419.1', 'Spire_1606925081.6', 'Spire_1606925107.3', 'Spire_1607001747.5']",0.6585703262547065,0.05,2020-12-01 04:33:31
6,Spire_1606822432.5,-86.83045748075914,33.554738871078,0.5626683587062014,True,2,3.251137922589113,15.941673501377757,2.014140000000001,1.7575850000000002,POINT (-86.83045748075914 33.554738871078),"['Spire_1606822432.5', 'Spire_1606837070.2']",1.1431712238847662,0.05,2020-12-01 04:33:52
7,Spire_1606822595.9,-86.82061004639999,33.5575828552,-0.16342522241009924,False,1,0.0,0.0,2.4757250000000006,0.8492299999999999,POINT (-86.82061004639999 33.5575828552),['Spire_1606822595.9'],0.4310054540975837,0.05,2020-12-01 04:36:35
8,Spire_1606822618.4,-86.82058306907801,33.5584008722402,-0.5549053339841714,True,2,2.3619643344597767,29.474565588875432,3.394790000000001,0.95851375,POINT (-86.82058306907801 33.5584008722402),"['Spire_1606822618.4', 'Spire_1606993871.2']",0.2547296553801679,0.05,2020-12-01 04:36:58
9,Spire_1606822635.8,-86.81982517115833,33.55962215107451,-1.2861130460215229,True,2,0.0,0.0,-0.4336062500000004,0.3005024999999997,POINT (-86.81982517115833 33.55962215107451),"['Spire_1606822635.8', 'Spire_1606834315.4']",0.09538217610045213,0.05,2020-12-01 04:37:15
10,Spire_1606822733.1,-86.81694126113405,33.55209876798853,0.17258467204293043,True,7,2.810020758089041,16.682524258792338,43.64493555555556,4.008198888888888,POINT (-86.81694126113405 33.55209876798853),"['Spire_1606822733.1', 'Spire_1606823791.5', 'Spire_1606823862.2', 'Spire_1606824248.1', 'Spire_1606828420.8', 'Spire_1606995300.6', 'Spire_1606998303.6', 'Spire_1606998562.9', 'Spire_1606999789.5']",0.6768972493504544,0.05,2020-12-01 04:38:53
11,Spire_1606822748.4,-86.81624591944501,33.55120648159954,-0.5089256027978365,True,2,2.457628330176931e-06,15.02844474487031,2.9499074999999992,0.9457987499999999,POINT (-86.81624591944501 33.55120648159954),"['Spire_1606822748.4', 'Spire_1606823101.1']",0.2709603218149221,0.05,2020-12-01 04:39:08
12,Spire_1606823268.4,-86.83010140550272,33.547077830716354,0.20071796707210376,False,1,12.467973253578794,12.467973253578794,0.6092849999999985,1.22228,POINT (-86.83010140550272 33.54707783071635),['Spire_1606823268.4'],0.7029698560806535,0.05,2020-12-01 04:47:48
13,Spire_1606823589.4,-86.82115766100476,33.55194282780874,-0.8722500047810765,True,3,0.0,18.121668615742426,5.214041666666668,0.6483916666666666,POINT (-86.82115766100476 33.55194282780874),"['Spire_1606823589.4', 'Spire_1606829934.9', 'Spire_1606993366.3']",0.16631425404769518,0.05,2020-12-01 04:53:09
14,Spire_1606823608.9,-86.81957940873542,33.55177048380594,0.08479014697802925,True,5,0.0,22.35611705270781,6.637051816666668,1.3784371666666666,POINT (-86.81957940873542 33.55177048380594),"['Spire_1606823608.9', 'Spire_1606824189.5', 'Spire_1606825084.2', 'Spire_1606829557.6', 'Spire_1606829565.8', 'Spire_1606909710.1', 'Spire_1606909710.1', 'Spire_1606909863.7', 'Spire_1606909863.7']",0.6015896243406325,0.05,2020-12-01 04:53:28
15,Spire_1606823608.9,-86.81957940873542,33.55177048380594,0.08479014697802925,True,7,0.0,22.35611705270781,6.637051816666668,1.3784371666666666,POINT (-86.81957940873542 33.55177048380594),"['Spire_1606823608.9', 'Spire_1606824189.5', 'Spire_1606825084.2', 'Spire_1606829557.6', 'Spire_1606829565.8', 'Spire_1606909710.1', 'Spire_1606909710.1', 'Spire_1606909863.7', 'Spire_1606909863.7']",0.6015896243406325,0.05,2020-12-01 04:53:28
16,Spire_1606823608.9,-86.81957940873542,33.55177048380594,0.08479014697802925,True,9,0.0,22.35611705270781,6.637051816666668,1.3784371666666666,POINT (-86.81957940873542 33.55177048380594),"['Spire_1606823608.9', 'Spire_1606824189.5', 'Spire_1606825084.2', 'Spire_1606829557.6', 'Spire_1606829565.8', 'Spire_1606909710.1', 'Spire_1606909710.1', 'Spire_1606909863.7', 'Spire_1606909863.7']",0.6015896243406325,0.05,2020-12-01 04:53:28
17,Spire_1606823608.9,-86.81957940873542,33.55177048380594,0.08479014697802925,True,6,0.0,22.35611705270781,6.637051816666668,1.3784371666666666,POINT (-86.81957940873542 33.55177048380594),"['Spire_1606823608.9', 'Spire_1606824189.5', 'Spire_1606825084.2', 'Spire_1606829557.6', 'Spire_1606829565.8', 'Spire_1606909710.1', 'Spire_1606909710.1', 'Spire_1606909863.7', 'Spire_1606909863.7']",0.6015896243406325,0.05,2020-12-01 04:53:28
18,Spire_1606823631.4,-86.81840525813323,33.552695208117335,0.42701079992147467,False,1,0.0,12.610652818370232,0.7380091666666662,1.5467450000000003,POINT (-86.81840525813323 33.55269520811733),"['Spire_1606823631.4', 'Spire_1606823709.4', 'Spire_1606823726.8']",0.9527169579431363,0.05,2020-12-01 04:53:51
19,Spire_1606823670.4,-86.81769234852365,33.552774500875174,0.5506672979292252,False,1,6.0347624860421165,6.0347624860421165,2.110545,1.7344099999999998,POINT (-86.81769234852365 33.55277450087517),['Spire_1606823670.4'],1.124888412382189,0.05,2020-12-01 04:54:30
20,Spire_1606823926.8,-86.82039651228735,33.551053365541925,0.543284897000233,False,1,1.4736083701690426,19.44995585566528,14.909532500000001,1.93488625,POINT (-86.82039651228735 33.55105336554193),"['Spire_1606823926.8', 'Spire_1606824172.1']",1.113787375288282,0.05,2020-12-01 04:58:46
21,Spire_1606823995.8,-86.8269348145,33.5491447449,-1.6847003969346488,False,1,0.0,0.0,1.0101250000000004,0.18549999999999972,POINT (-86.82693481450001 33.5491447449),['Spire_1606823995.8'],0.055836392997880215,0.05,2020-12-01 04:59:55
22,Spire_1606824005.3,-86.82793258376104,33.54880435892709,-1.3348392553796475,True,3,0.0,13.190065343027461,1.8361552000000008,0.2678655,POINT (-86.82793258376104 33.54880435892709),"['Spire_1606824005.3', 'Spire_1606998416.4', 'Spire_1606998430.7', 'Spire_1607002829.3', 'Spire_1607003069.2']",0.0893384972810721,0.05,2020-12-01 05:00:05
23,Spire_1606824005.3,-86.82793258376104,33.54880435892709,-1.3348392553796475,True,5,0.0,13.190065343027461,1.8361552000000008,0.2678655,POINT (-86.82793258376104 33.54880435892709),"['Spire_1606824005.3', 'Spire_1606998416.4', 'Spire_1606998430.7', 'Spire_1607002829.3', 'Spire_1607003069.2']",0.0893384972810721,0.05,2020-12-01 05:00:05
24,Spire_1606824180.3,-86.81878247485156,33.549682388421395,-0.21209157162452164,True,4,0.8115045527029103,19.718523130367906,19.474756361111112,0.9951933333333334,POINT (-86.81878247485156 33.5496823884214),"['Spire_1606824180.3', 'Spire_1606829586.3', 'Spire_1606909710.1', 'Spire_1606909730.6', 'Spire_1606909850.4', 'Spire_1606909863.7', 'Spire_1607000142.3']",0.40372822011335163,0.05,2020-12-01 05:03:00
25,Spire_1606824180.3,-86.81878247485156,33.549682388421395,-0.21209157162452164,True,6,0.8115045527029103,19.718523130367906,19.474756361111112,0.9951933333333334,POINT (-86.81878247485156 33.5496823884214),"['Spire_1606824180.3', 'Spire_1606829586.3', 'Spire_1606909710.1', 'Spire_1606909730.6', 'Spire_1606909850.4', 'Spire_1606909863.7', 'Spire_1607000142.3']",0.40372822011335163,0.05,2020-12-01 05:03:00
26,Spire_1606824201.8,-86.81813945837544,33.551697994699786,0.5581289688818573,False,1,20.121528457017416,20.121528457017416,3.6047949999999993,1.7474,POINT (-86.81813945837544 33.55169799469979),['Spire_1606824201.8'],1.1362210847911052,0.05,2020-12-01 05:03:21
27,Spire_1606824425.9,-86.82052156375346,33.549947547646035,0.5324589967114066,False,1,0.0,3.753262594103747,-0.6270887499999995,1.70336875,POINT (-86.82052156375346 33.54994754764603),"['Spire_1606824425.9', 'Spire_1606824434.9']",1.097706106340437,0.05,2020-12-01 05:07:05
28,Spire_1606824470.9,-86.82898169291352,33.5474540617077,0.5551171126241139,False,1,7.24036973304167,7.24036973304167,3.1891100000000003,1.7421449999999998,POINT (-86.82898169291352 33.5474540617077),['Spire_1606824470.9'],1.1316330463323694,0.05,2020-12-01 05:07:50
29,Spire_1606824701.8,-86.82650784302083,33.54822004646332,-0.4694737851050238,True,2,0.8483505728220111,14.715077117145247,4.821087499999999,0.7856237500000004,POINT (-86.82650784302083 33.54822004646332),"['Spire_1606824701.8', 'Spire_1606824923.3', 'Spire_1606924668.3', 'Spire_1606924773.6']",0.2857085760111537,0.05,2020-12-01 05:11:41
30,Spire_1606824953.5,-86.82777017691369,33.54819548807709,-0.3236814608001751,True,4,0.0,15.639462167541245,5.153382499999999,1.3827650000000002,POINT (-86.82777017691369 33.54819548807709),"['Spire_1606824953.5', 'Spire_1606924790.4', 'Spire_1606998416.4', 'Spire_1606998430.7', 'Spire_1607002829.3', 'Spire_1607003069.2']",0.34752307256561865,0.05,2020-12-01 05:15:53
31,Spire_1606824972.5,-86.8284074969141,33.549814056881864,-0.6587215088922084,True,3,3.804646304498962,9.020688433173444,2.2976333333333323,0.7600858333333337,POINT (-86.8284074969141 33.54981405688186),"['Spire_1606824972.5', 'Spire_1606924829.3', 'Spire_1607003093.8']",0.2215692575352773,0.05,2020-12-01 05:16:12
32,Spire_1606825213.4,-86.815799619466,33.55443165705907,-0.1105503787234442,True,3,0.8075420863414386,22.191838313535165,2.842986666666666,1.2439616666666666,POINT (-86.81579961946601 33.55443165705907),"['Spire_1606825213.4', 'Spire_1606828145.6', 'Spire_1606995885.2']",0.4627344232783839,0.05,2020-12-01 05:20:13
33,Spire_1606825843.7,-86.83207398221462,33.550931544827954,0.4882916296813919,False,1,9.508571843690914,9.508571843690914,1.8957000000000008,1.6295299999999997,POINT (-86.83207398221462 33.55093154482795),['Spire_1606825843.7'],1.034468535550343,0.05,2020-12-01 05:30:43
34,Spire_1606826169.6,-86.82171096735563,33.55510877800807,0.5286645595755681,False,1,22.26869894494585,22.26869894494585,2.6099299999999994,1.696665,POINT (-86.82171096735563 33.55510877800807),['Spire_1606826169.6'],1.0921248073553238,0.05,2020-12-01 05:36:09
35,Spire_1606826202.4,-86.82260728890536,33.554827806325896,0.9300424799093436,False,1,25.7851232322805,26.44544752972455,9.992885000000003,2.7565049999999998,POINT (-86.82260728890536 33.5548278063259),"['Spire_1606826202.4', 'Spire_1606826363.2']",1.8726225961100675,0.05,2020-12-01 05:36:42
36,Spire_1606826496.4,-86.81433156970796,33.55839001719153,-1.0908410370231258,True,3,0.0,17.975893155483387,3.3808600999999987,0.34848049999999997,POINT (-86.81433156970796 33.55839001719153),"['Spire_1606826496.4', 'Spire_1606826754.3', 'Spire_1606925949.9', 'Spire_1606996206.9']",0.12399260388501131,0.05,2020-12-01 05:41:36
37,Spire_1606826741.6,-86.81282774874695,33.558858881488746,0.051586376484650254,True,2,0.6673718166880036,27.77176115060534,25.486862500000004,2.4418700000000007,POINT (-86.81282774874695 33.55885888148875),"['Spire_1606826741.6', 'Spire_1606925937.6']",0.5753446651802474,0.05,2020-12-01 05:45:41
38,Spire_1606827003.4,-86.8269377317571,33.55468073000894,-1.0182730530957653,True,2,0.2765814494841692,8.050256575229879,2.631473333333333,0.38035083333333325,POINT (-86.8269377317571 33.55468073000894),"['Spire_1606827003.4', 'Spire_1606827083.2', 'Spire_1606996643.6']",0.13668929169322971,0.05,2020-12-01 05:50:03
39,Spire_1606827091.4,-86.82595355274945,33.555292698865316,-0.16539059356869257,True,8,0.2783603592319288,26.01667631438377,9.5668946,1.2109014999999999,POINT (-86.82595355274945 33.55529269886532),"['Spire_1606827091.4', 'Spire_1606835272.1', 'Spire_1606835689.2', 'Spire_1606922433.7', 'Spire_1606923385.2', 'Spire_1606923406.7', 'Spire_1606923780.8', 'Spire_1606923788.9', 'Spire_1606996731.7', 'Spire_1607000341.4']",0.4298689724763866,0.05,2020-12-01 05:51:31
40,Spire_1606827091.4,-86.82595355274945,33.555292698865316,-0.16539059356869257,True,7,0.2783603592319288,26.01667631438377,9.5668946,1.2109014999999999,POINT (-86.82595355274945 33.55529269886532),"['Spire_1606827091.4', 'Spire_1606835272.1', 'Spire_1606835689.2', 'Spire_1606922433.7', 'Spire_1606923385.2', 'Spire_1606923406.7', 'Spire_1606923780.8', 'Spire_1606923788.9', 'Spire_1606996731.7', 'Spire_1607000341.4']",0.4298689724763866,0.05,2020-12-01 05:51:31
41,Spire_1606827091.4,-86.82595355274945,33.555292698865316,-0.16539059356869257,True,5,0.2783603592319288,26.01667631438377,9.5668946,1.2109014999999999,POINT (-86.82595355274945 33.55529269886532),"['Spire_1606827091.4', 'Spire_1606835272.1', 'Spire_1606835689.2', 'Spire_1606922433.7', 'Spire_1606923385.2', 'Spire_1606923406.7', 'Spire_1606923780.8', 'Spire_1606923788.9', 'Spire_1606996731.7', 'Spire_1607000341.4']",0.4298689724763866,0.05,2020-12-01 05:51:31
42,Spire_1606827135.5,-86.81960970824434,33.55607827630437,-0.18856683403409233,True,3,0.0,8.179360651787015,2.532879583333333,1.2654275,POINT (-86.81960970824434 33.55607827630437),"['Spire_1606827135.5', 'Spire_1606833700.9', 'Spire_1606833720.4', 'Spire_1606833800.3', 'Spire_1606833809.5', 'Spire_1606833832.5', 'Spire_1606833844.3', 'Spire_1606833867.8', 'Spire_1606910146.5', 'Spire_1606910146.5']",0.416691139701456,0.05,2020-12-01 05:52:15
43,Spire_1606827135.5,-86.81960970824434,33.55607827630437,-0.18856683403409233,True,4,0.0,8.179360651787015,2.532879583333333,1.2654275,POINT (-86.81960970824434 33.55607827630437),"['Spire_1606827135.5', 'Spire_1606833700.9', 'Spire_1606833720.4', 'Spire_1606833800.3', 'Spire_1606833809.5', 'Spire_1606833832.5', 'Spire_1606833844.3', 'Spire_1606833867.8', 'Spire_1606910146.5', 'Spire_1606910146.5']",0.416691139701456,0.05,2020-12-01 05:52:15
44,Spire_1606827135.5,-86.81960970824434,33.55607827630437,-0.18856683403409233,True,5,0.0,8.179360651787015,2.532879583333333,1.2654275,POINT (-86.81960970824434 33.55607827630437),"['Spire_1606827135.5', 'Spire_1606833700.9', 'Spire_1606833720.4', 'Spire_1606833800.3', 'Spire_1606833809.5', 'Spire_1606833832.5', 'Spire_1606833844.3', 'Spire_1606833867.8', 'Spire_1606910146.5', 'Spire_1606910146.5']",0.416691139701456,0.05,2020-12-01 05:52:15
45,Spire_1606827175.4,-86.81592698598935,33.5577901990958,-0.3315325186691568,True,3,0.6676955456669376,23.99634168888977,10.1345305,0.9174285000000001,POINT (-86.81592698598935 33.5577901990958),"['Spire_1606827175.4', 'Spire_1606827306.5', 'Spire_1606996070.6', 'Spire_1606996543.2', 'Spire_1606996831.4']",0.3438769453046929,0.05,2020-12-01 05:52:55
46,Spire_1606827495.2,-86.81453289421071,33.55153963616503,0.549910998382735,True,2,0.0,12.469888817234066,2.5931174999999995,1.7335666666666667,POINT (-86.81453289421071 33.55153963616503),"['Spire_1606827495.2', 'Spire_1606827534.2', 'Spire_1606827549.6', 'Spire_1606827560.8', 'Spire_1606827597.7', 'Spire_1606995833.5']",1.12374608403154,0.05,2020-12-01 05:58:15
47,Spire_1606827939.3,-86.81739809116488,33.56092033801457,-0.7302319418300521,False,1,7.115845701299628,10.709498765900578,5.6710650000000005,0.6568999999999998,POINT (-86.81739809116488 33.56092033801457),"['Spire_1606827939.3', 'Spire_1606827957.8']",0.201274057746561,0.05,2020-12-01 06:05:39
48,Spire_1606827975.2,-86.81879210121389,33.561190028390776,-0.6565981885658613,True,2,0.0,22.398059032304978,13.56855309375,1.2454281250000003,POINT (-86.81879210121389 33.56119002839078),"['Spire_1606827975.2', 'Spire_1606828016.3', 'Spire_1606828025.5', 'Spire_1606995617.9']",0.22220218341840262,0.05,2020-12-01 06:06:15
49,Spire_1606827975.2,-86.81879210121389,33.561190028390776,-0.6565981885658613,True,4,0.0,22.398059032304978,13.56855309375,1.2454281250000003,POINT (-86.81879210121389 33.56119002839078),"['Spire_1606827975.2', 'Spire_1606828016.3', 'Spire_1606828025.5', 'Spire_1606995617.9']",0.22220218341840262,0.05,2020-12-01 06:06:15
50,Spire_1606827975.2,-86.81879210121389,33.561190028390776,-0.6565981885658613,True,5,0.0,22.398059032304978,13.56855309375,1.2454281250000003,POINT (-86.81879210121389 33.56119002839078),"['Spire_1606827975.2', 'Spire_1606828016.3', 'Spire_1606828025.5', 'Spire_1606995617.9']",0.22220218341840262,0.05,2020-12-01 06:06:15
51,Spire_1606828095.4,-86.81707915226512,33.55749877052264,-0.5469783881293028,True,2,0.0,12.21244715858225,0.7356650000000006,0.7783008333333332,POINT (-86.81707915226512 33.55749877052264),"['Spire_1606828095.4', 'Spire_1606995962.7', 'Spire_1606996040.9']",0.2574567999482935,0.05,2020-12-01 06:08:15
52,Spire_1606828103.5,-86.81670139670705,33.556524447640555,0.5067001255888074,False,1,19.06752487773833,19.06752487773833,1.724125,1.6598050000000004,POINT (-86.81670139670705 33.55652444764056),['Spire_1606828103.5'],1.0603700417286843,0.05,2020-12-01 06:08:23
53,Spire_1606828122.2,-86.81635376522587,33.555679655982374,0.545945632820893,False,1,5.9080922095880855,5.9080922095880855,2.4880274999999994,1.7262400000000002,POINT (-86.81635376522587 33.55567965598237),['Spire_1606828122.2'],1.1177756837638628,0.05,2020-12-01 06:08:42
54,Spire_1606828166.1,-86.8162007488983,33.55337240796861,0.06581866442388587,True,2,1.3285197772143995,19.31752980029508,3.0061476250000005,1.3497408333333334,POINT (-86.8162007488983 33.55337240796861),"['Spire_1606828166.1', 'Spire_1606828260.7', 'Spire_1606828273.6', 'Spire_1606828294.5', 'Spire_1606828451.5', 'Spire_1606998174.3']",0.5864509681184855,0.05,2020-12-01 06:09:26
55,Spire_1606828166.1,-86.8162007488983,33.55337240796861,0.06581866442388587,True,5,1.3285197772143995,19.31752980029508,3.0061476250000005,1.3497408333333334,POINT (-86.8162007488983 33.55337240796861),"['Spire_1606828166.1', 'Spire_1606828260.7', 'Spire_1606828273.6', 'Spire_1606828294.5', 'Spire_1606828451.5', 'Spire_1606998174.3']",0.5864509681184855,0.05,2020-12-01 06:09:26
56,Spire_1606828193.8,-86.81501036637182,33.55268472135855,0.5581022585167537,True,2,8.134627536367091,19.74567324091237,5.962986666666666,1.7473991666666666,POINT (-86.81501036637182 33.55268472135855),"['Spire_1606828193.8', 'Spire_1606995849.4']",1.1361803145615932,0.05,2020-12-01 06:09:53
57,Spire_1606828361.2,-86.81371310751493,33.55215464247793,-1.0332924486301285,True,2,2.6867850302127216,8.135148177086103,1.8111537500000017,0.35850499999999985,POINT (-86.81371310751493 33.55215464247793),"['Spire_1606828361.2', 'Spire_1606925583.9']",0.13395892377397067,0.05,2020-12-01 06:12:41
58,Spire_1606828710.8,-86.81813844979195,33.5594328594496,0.3439938780200593,False,1,9.453351963959003,9.453351963959003,17.673254999999994,1.4105700000000003,POINT (-86.81813844979195 33.5594328594496),['Spire_1606828710.8'],0.8521752274544053,0.05,2020-12-01 06:18:30
59,Spire_1606828854.4,-86.82247816988784,33.55796198984808,0.004577109696227118,True,2,1.6178373655473468,17.884783841927494,2.5210275,1.2135091666666664,POINT (-86.82247816988784 33.55796198984808),"['Spire_1606828854.4', 'Spire_1606829287.7', 'Spire_1606829345.9']",0.5401336468207036,0.05,2020-12-01 06:20:54
60,Spire_1606829271.3,-86.82165496942976,33.55861092565354,-1.2136569753422017,True,3,0.0,1.6125291826204204,1.7023691666666663,0.3207099999999998,POINT (-86.82165496942976 33.55861092565354),"['Spire_1606829271.3', 'Spire_1606909989.6', 'Spire_1606993772.8']",0.10513338433368376,0.05,2020-12-01 06:27:51
61,Spire_1606829296.9,-86.82336332584245,33.55788742466072,-0.48849518547872056,True,2,1.1906976472241793,16.648129726422287,3.2276800000000003,0.9551799999999998,POINT (-86.82336332584245 33.55788742466072),"['Spire_1606829296.9', 'Spire_1606909403.5']",0.27850020747472876,0.05,2020-12-01 06:28:16
62,Spire_1606829373.9,-86.82192870909813,33.55719716454745,-0.42083782294790784,True,2,5.5038630442148735,7.888772986779117,3.196789,0.9447099999999999,POINT (-86.82192870909813 33.55719716454745),"['Spire_1606829373.9', 'Spire_1606994455.3']",0.30499955559162334,0.05,2020-12-01 06:29:33
63,Spire_1606829397.6,-86.82156996839328,33.55635640764094,-0.46955655572351757,True,5,0.0,30.632597256638928,6.515254225,0.8968960000000001,POINT (-86.82156996839328 33.55635640764094),"['Spire_1606829397.6', 'Spire_1606829446.7', 'Spire_1606829475.4', 'Spire_1606834748.2', 'Spire_1606909648.6', 'Spire_1606909945.6', 'Spire_1606994099.7', 'Spire_1606994394.9', 'Spire_1606996606.7', 'Spire_1606996773.6']",0.2856768084692719,0.05,2020-12-01 06:29:57
64,Spire_1606829785.2,-86.81948357829512,33.547600139521236,-0.25591932841788295,False,1,16.280374122147833,17.244060964271974,5.649833750000002,0.8248862500000003,POINT (-86.81948357829512 33.54760013952124),"['Spire_1606829785.2', 'Spire_1606829871.4']",0.380643530862999,0.05,2020-12-01 06:36:25
65,Spire_1606834887.2,-86.8232192993,33.552631378200005,0.6057179890252462,False,1,0.0,0.0,1.1404099999999993,1.8325675,POINT (-86.82321929930001 33.5526313782),['Spire_1606834887.2'],1.2112337158583204,0.05,2020-12-01 08:01:27
66,Spire_1606834893.4,-86.8229037486987,33.55190666849137,0.6291738330150202,False,1,20.580619325569906,20.580619325569906,3.9179875,1.8760599999999998,POINT (-86.82290374869871 33.55190666849137),['Spire_1606834893.4'],1.250008353210998,0.05,2020-12-01 08:01:33
67,Spire_1606834938.4,-86.82235279722883,33.55057084069668,0.6602693487748975,False,1,0.0,14.221032952041865,3.8213905000000006,1.9364910000000002,POINT (-86.82235279722883 33.55057084069668),"['Spire_1606834938.4', 'Spire_1606834958.1', 'Spire_1606834965.3', 'Spire_1606834992.1', 'Spire_1606835003.4']",1.3033322212880902,0.05,2020-12-01 08:02:18
68,Spire_1606835247.5,-86.82515862481527,33.55629666931777,0.5235443961737655,False,1,7.700127367640076,7.700127367640076,2.389902499999998,1.6880000000000002,POINT (-86.82515862481527 33.55629666931777),['Spire_1606835247.5'],1.0846384321901474,0.05,2020-12-01 08:07:27
69,Spire_1606835358.3,-86.8246460294163,33.55217238881602,-1.6547360558114124,False,1,2.2356133136342757,2.2356133136342757,1.9428924999999992,0.19114249999999972,POINT (-86.8246460294163 33.55217238881602),['Spire_1606835358.3'],0.05812990392875849,0.05,2020-12-01 08:09:18
70,Spire_1606836613.3,-86.82814587784776,33.55280646622324,0.03164422736506933,True,2,0.0,22.58963243045633,2.4967681250000004,1.4396850000000003,POINT (-86.82814587784776 33.55280646622324),"['Spire_1606836613.3', 'Spire_1606925013.9']",0.5601355537526891,0.05,2020-12-01 08:30:13
71,Spire_1606837049.7,-86.8298289775168,33.55491597672472,0.5485432848252784,True,2,4.110850706307577,4.110850706307577,1.4959600000000006,1.73073,POINT (-86.8298289775168 33.55491597672472),"['Spire_1606837049.7', 'Spire_1607001747.5']",1.1216832100524359,0.05,2020-12-01 08:37:29
72,Spire_1606908381.2,-86.8227767944,33.5653991699,-1.5684759277129319,False,1,0.0,0.0,0.6309699999999969,0.20836249999999976,POINT (-86.8227767944 33.5653991699),['Spire_1606908381.2'],0.06527198134961588,0.05,2020-12-02 04:26:21
73,Spire_1606908919.3,-86.82383731829437,33.563207787826066,-1.5831124872665459,False,1,1.2506302648842862,1.2506302648842862,0.7476249999999998,0.2053350000000012,POINT (-86.82383731829437 33.56320778782607),['Spire_1606908919.3'],0.06400108148248272,0.05,2020-12-02 04:35:19
74,Spire_1606909114.2,-86.82107687817755,33.56092632456019,-1.69181459170155,False,1,9.380014782253882,9.380014782253882,1.8544525000000005,0.18418500000000027,POINT (-86.82107687817755 33.56092632456019),['Spire_1606909114.2'],0.055305291284052684,0.05,2020-12-02 04:38:34
75,Spire_1606909128.5,-86.8218002319,33.560298919699996,-1.709258247716311,False,1,0.0,0.0,-0.7256999999999998,0.18100000000000005,POINT (-86.8218002319 33.5602989197),['Spire_1606909128.5'],0.054024336519026474,0.05,2020-12-02 04:38:48
76,Spire_1606909658.9,-86.82111358639999,33.5552062988,-1.614349956795121,False,1,0.0,0.0,1.4972474999999998,0.19902,POINT (-86.82111358639999 33.5552062988),['Spire_1606909658.9'],0.061370869297558986,0.05,2020-12-02 04:47:38
77,Spire_1606909665.6,-86.8207589399002,33.55436752020487,-1.6264048221529315,True,2,0.0,0.0,1.8776627500000005,0.19727874999999973,POINT (-86.8207589399002 33.55436752020487),"['Spire_1606909665.6', 'Spire_1606922827.2']",0.06038499612620537,0.05,2020-12-02 04:47:45
78,Spire_1606909878.5,-86.81984999885042,33.552344062704776,0.5741046020123429,True,3,18.917549515370013,18.917549515370013,1.660145,1.7755400000000001,POINT (-86.81984999885042 33.55234406270478),"['Spire_1606909878.5', 'Spire_1606994157.2', 'Spire_1606994315.7', 'Spire_1606999109.2', 'Spire_1606999237.4']",1.160870005645865,0.05,2020-12-02 04:51:18
79,Spire_1606909901.6,-86.82026175377108,33.55333711966761,0.5286085658114905,False,1,15.886866378281058,15.886866378281058,1.5104800000000005,1.69657,POINT (-86.82026175377108 33.55333711966761),['Spire_1606909901.6'],1.0920426580527973,0.05,2020-12-02 04:51:41
80,Spire_1606910232.5,-86.81505199011461,33.54590057831198,-1.5088299805497305,True,2,0.0,9.34695158574973,1.9851531249999992,0.22602937499999987,POINT (-86.81505199011461 33.54590057831198),"['Spire_1606910232.5', 'Spire_1606910465.3', 'Spire_1606910533.9', 'Spire_1606910545.1']",0.07071740866168404,0.05,2020-12-02 04:57:12
81,Spire_1606918379.4,-86.79952447268093,33.598474203553444,0.4888775165729052,False,1,15.238968464562426,15.238968464562426,4.205275,1.630485,POINT (-86.79952447268093 33.59847420355344),['Spire_1606918379.4'],1.0352830715272225,0.05,2020-12-02 07:12:59
82,Spire_1606918393.8,-86.79913552727545,33.5994063555383,0.5605610553151233,False,1,28.65902832969119,28.65902832969119,19.66845,1.7516550000000002,POINT (-86.79913552727545 33.5994063555383),['Spire_1606918393.8'],1.1399395164534156,0.05,2020-12-02 07:13:13
83,Spire_1606919307.5,-86.81932067870001,33.55410385130001,0.7059498751965468,False,1,0.0,0.0,6.071995000000001,2.0257700000000014,POINT (-86.81932067870001 33.55410385130001),['Spire_1606919307.5'],1.3858197836634225,0.05,2020-12-02 07:28:27
84,Spire_1606923416.9,-86.82531497591974,33.55372264262495,-0.5873333253320113,True,2,0.0,17.86179257489292,2.457977500000001,0.9237725000000001,POINT (-86.82531497591974 33.55372264262495),"['Spire_1606923416.9', 'Spire_1606997015.5']",0.24387084216458316,0.05,2020-12-02 08:36:56
85,Spire_1606923569.7,-86.82310442846409,33.548431783670125,-1.1181774441629488,False,1,9.971482990151127,9.971482990151127,3.85964,0.32687500000000025,POINT (-86.82310442846409 33.54843178367013),['Spire_1606923569.7'],0.11952169943965443,0.05,2020-12-02 08:39:29
86,Spire_1606924532.8,-86.82674264822097,33.55325424355663,0.6111844015620099,False,1,8.29251618767751,8.29251618767751,2.6341,1.8426124999999995,POINT (-86.82674264822097 33.55325424355663),['Spire_1606924532.8'],1.2201613063107735,0.05,2020-12-02 08:55:32
87,Spire_1606924555.4,-86.82641448302765,33.55247209628271,0.6073237340650417,False,1,23.135980097959752,23.135980097959752,6.142319999999998,1.8355125,POINT (-86.82641448302765 33.55247209628271),['Spire_1606924555.4'],1.2138493760827085,0.05,2020-12-02 08:55:55
88,Spire_1606924576.4,-86.82603850015805,33.55156328655907,0.591142140104359,False,1,15.649298717308085,15.649298717308085,4.6599375,1.8060499999999995,POINT (-86.82603850015805 33.55156328655907),['Spire_1606924576.4'],1.1877468538570264,0.05,2020-12-02 08:56:16
89,Spire_1606924598.6,-86.82555558401022,33.55041165687468,0.5582505707360778,False,1,15.435811726640713,15.435811726640713,5.8405675000000015,1.7476125000000002,POINT (-86.82555558401022 33.55041165687468),['Spire_1606924598.6'],1.1364067142055956,0.05,2020-12-02 08:56:38
90,Spire_1606924619.1,-86.8252179323527,33.54959105466748,0.5332351442790756,False,1,29.29432529500891,29.29432529500891,4.614175,1.7044374999999998,POINT (-86.8252179323527 33.54959105466748),['Spire_1606924619.1'],1.098851263508818,0.05,2020-12-02 08:56:59
91,Spire_1606924639.6,-86.8248672485,33.5487785339,0.49152658964547935,False,1,0.0,0.0,-1.0660300000000005,1.63481,POINT (-86.8248672485 33.5487785339),['Spire_1606924639.6'],1.0389739890510583,0.05,2020-12-02 08:57:19
92,Spire_1606925196.7,-86.82738899738075,33.55101433961114,-0.448297803799433,True,2,12.745673206406396,16.68199851331757,3.8849624999999994,1.0151737499999998,POINT (-86.82738899738075 33.55101433961114),"['Spire_1606925196.7', 'Spire_1606997863.9']",0.2939531297180473,0.05,2020-12-02 09:06:36
93,Spire_1606925915.1,-86.8115234375,33.559953829667485,-1.598003534808437,False,1,0.41325755610301584,0.41325755610301584,1.1606999999999985,0.20230000000000006,POINT (-86.8115234375 33.55995382966749),['Spire_1606925915.1'],0.06273347601486107,0.05,2020-12-02 09:18:35
94,Spire_1606993423.6,-86.8190297216501,33.54652604176687,-0.5129994230230299,False,1,0.3982047202850048,22.02268849977768,5.27224875,0.62901875,POINT (-86.8190297216501 33.54652604176687),"['Spire_1606993423.6', 'Spire_1606993487.1']",0.26948145870390516,0.05,2020-12-03 04:03:43
95,Spire_1606993433.9,-86.81902470187975,33.545872263233896,-1.465582381574557,False,1,0.5656779490725627,11.67029600077035,1.0416924999999995,0.23507749999999983,POINT (-86.81902470187975 33.5458722632339),"['Spire_1606993433.9', 'Spire_1606993458.4']",0.07494773415017761,0.05,2020-12-03 04:03:53
96,Spire_1606993579.3,-86.82216418540004,33.553963668150324,-1.1799062716967192,True,2,0.0,0.7989148900609067,1.554053750000001,0.31645749999999917,POINT (-86.82216418540004 33.55396366815032),"['Spire_1606993579.3', 'Spire_1606997394.5']",0.11000995621202163,0.05,2020-12-03 04:06:19
97,Spire_1606993751.3,-86.8196792603,33.5607872009,-1.5711190481319632,True,4,0.0,0.0,2.7974250000000005,0.20781250000000012,POINT (-86.81967926030001 33.5607872009),"['Spire_1606993751.3', 'Spire_1606994521.1', 'Spire_1606994909.6', 'Spire_1606995645.5', 'Spire_1606995666.3']",0.0650406251142594,0.05,2020-12-03 04:09:11
98,Spire_1606994645.1,-86.8193435669,33.5548706055,-1.463423816436893,False,1,0.0,0.0,1.5332504999999998,0.23144249999999955,POINT (-86.8193435669 33.5548706055),['Spire_1606994645.1'],0.07516538571270182,0.05,2020-12-03 04:24:05
99,Spire_1606994866.6,-86.81902599117883,33.56287197012736,-1.1949635101683482,False,1,5.47409457402118,5.47409457402118,4.360600000000002,0.3027150000000001,POINT (-86.81902599117883 33.56287197012736),['Spire_1606994866.6'],0.10780702699405177,0.05,2020-12-03 04:27:46
100,Spire_1606995171.8,-86.81531572026297,33.549294080725424,-0.9033128105838963,False,1,25.21934776941945,25.21934776941945,4.266249999999999,0.4052250000000006,POINT (-86.81531572026297 33.54929408072542),['Spire_1606995171.8'],0.15951676716590701,0.05,2020-12-03 04:32:51
101,Spire_1606995201.7,-86.81477137547398,33.548177568555786,-0.4892068362301719,False,1,10.131642934840094,10.131642934840094,4.562650000000001,0.6131124999999997,POINT (-86.81477137547398 33.54817756855579),['Spire_1606995201.7'],0.27823407790589705,0.05,2020-12-03 04:33:21
102,Spire_1606995448.8,-86.8197696369763,33.558877545224604,-0.4257341441559974,False,1,22.146307858183608,22.146307858183608,7.04875,0.6532900000000001,POINT (-86.8197696369763 33.5588775452246),['Spire_1606995448.8'],0.30299992474937043,0.05,2020-12-03 04:37:28
103,Spire_1606996094.1,-86.81448874220524,33.554353483263014,0.4989129487743771,False,1,1.1987008767885996,1.1987008767885996,2.3090400000000013,1.6469300000000004,POINT (-86.81448874220524 33.55435348326301),['Spire_1606996094.1'],1.0493349464150443,0.05,2020-12-03 04:48:14
104,Spire_1606996511.5,-86.81525920528487,33.558755535989015,-0.9807225920335433,False,1,3.07485155864431,3.07485155864431,4.726520000000002,0.37504000000000026,POINT (-86.81525920528487 33.55875553598901),['Spire_1606996511.5'],0.14376155178231245,0.05,2020-12-03 04:55:11
105,Spire_1606996712.2,-86.8283444719827,33.554248183881604,-1.611439915104775,False,1,0.6666636086308948,0.6666636086308948,1.6567200000000044,0.19959999999999972,POINT (-86.8283444719827 33.5542481838816),['Spire_1606996712.2'],0.06161126071168009,0.05,2020-12-03 04:58:32
106,Spire_1606996762.4,-86.8229370117,33.5558166504,-1.5786662537673455,False,1,0.0,0.0,0.9922250000000012,0.20625000000000027,POINT (-86.82293701170001 33.5558166504),['Spire_1606996762.4'],0.06438451100499656,0.05,2020-12-03 04:59:22
107,Spire_1606997723.6,-86.81666216997395,33.5543895415696,-1.1056369036050742,False,1,4.291276463748776,4.291276463748776,3.474800000000002,0.331,POINT (-86.81666216997395 33.5543895415696),['Spire_1606997723.6'],0.12155234781616438,0.05,2020-12-03 05:15:23
108,Spire_1606998787.6,-86.83196294468361,33.5464991625414,-1.5919664315220956,False,1,1.3604812354647258,1.3604812354647258,1.9144395,0.203525,POINT (-86.83196294468361 33.5464991625414),['Spire_1606998787.6'],0.06324433208380321,0.05,2020-12-03 05:33:07
109,Spire_1606999713.7,-86.81874251774276,33.553706652286465,0.6584884457417226,False,1,27.95383285561952,27.95383285561952,11.7199175,1.93187,POINT (-86.81874251774276 33.55370665228646),['Spire_1606999713.7'],1.300217750454897,0.05,2020-12-03 05:48:33
